,name,height
0,Building Number 0,NONE
1,Building Number 1,NONE
2,Building Number 2,NONE
3,Building Number 3,NONE
4,Building Number 4,NONE
5,Building Number 5,NONE
6,Building Number 6,NONE
7,Building Number 7,NONE
8,Building Number 10,NONE
9,Building Number 11,NONE
10,Building Number 12,NONE
11,Building Number 13,NONE
12,Building Number 35,NONE
13,Building Number 36,NONE
14,Building Number 37,NONE
15,Building Number 38,NONE
16,Building Number 39,NONE
17,Building Number 40,NONE
18,Building Number 41,NONE
19,Building Number 42,NONE
20,Building Number 43,NONE
21,Building Number 44,NONE
22,Building Number 45,NONE
23,Building Number 46,NONE
24,Building Number 47,NONE
25,Building Number 48,NONE
26,Building Number 49,NONE
27,Building Number 50,NONE
28,Building Number 51,NONE
29,Building Number 52,NONE
30,Building Number 53,NONE
31,Building Number 54,NONE
32,Building Number 55,NONE
33,Building Number 56,NONE
34,Building Number 57,NONE
35,Building Number 58,NONE
36,Building Number 59,NONE
37,Building Number 60,NONE
38,Building Number 61,NONE
39,Building Number 62,NONE
40,Building Number 63,NONE
41,Building Number 64,NONE
42,Building Number 65,NONE
43,Building Number 66,NONE
44,Building Number 67,NONE
45,Building Number 68,NONE
46,Building Number 69,NONE
47,Building Number 70,NONE
48,Building Number 71,NONE
49,Building Number 72,NONE
50,Building Number 73,NONE
51,Building Number 74,NONE
52,Building Number 75,NONE
53,Building Number 76,NONE
54,Building Number 77,NONE
55,Building Number 78,NONE
56,Building Number 79,NONE
57,Building Number 80,NONE
58,Building Number 81,NONE
59,Building Number 82,NONE
60,Building Number 83,NONE
61,Building Number 84,NONE
62,Building Number 85,NONE
63,Building Number 86,NONE
64,Building Number 87,NONE
65,Building Number 88,NONE
66,Building Number 89,NONE
67,Building Number 90,NONE
68,Building Number 91,NONE
69,Building Number 92,NONE
70,Building Number 93,NONE
71,Building Number 94,NONE
72,Building Number 95,NONE
73,Building Number 96,NONE
74,Building Number 97,NONE
75,Building Number 98,NONE
76,Building Number 99,NONE
77,Building Number 100,NONE
78,Building Number 101,NONE
79,Building Number 102,NONE
80,Building Number 104,NONE
81,Building Number 105,NONE
82,Building Number 106,NONE
83,Building Number 114,NONE
84,Building Number 115,NONE
85,Building Number 116,NONE
86,Building Number 117,NONE
87,Building Number 118,NONE
88,Building Number 119,NONE
89,Building Number 120,NONE
90,Building Number 121,NONE
91,Building Number 122,NONE
92,Building Number 123,NONE
93,Building Number 124,NONE
94,Building Number 125,NONE
95,Building Number 126,NONE
96,Building Number 127,NONE
97,Building Number 128,NONE
98,Building Number 129,NONE
99,Building Number 130,NONE
100,Building Number 131,NONE
101,Building Number 132,NONE
102,Building Number 133,NONE
103,Building Number 134,NONE
104,Building Number 135,NONE
105,Building Number 136,NONE
106,Building Number 137,NONE
107,Building Number 138,NONE
108,Building Number 139,NONE
109,Building Number 140,NONE
110,Building Number 141,NONE
111,Building Number 142,NONE
112,Building Number 143,NONE
113,Building Number 144,NONE
114,Building Number 145,NONE
115,Building Number 146,NONE
116,Building Number 147,NONE
117,Building Number 148,NONE
118,Building Number 149,NONE
119,Building Number 150,NONE
120,Building Number 151,NONE
121,Building Number 152,NONE
122,Building Number 153,NONE
123,Building Number 154,NONE
124,Building Number 155,NONE
125,Building Number 156,NONE
126,Building Number 157,NONE
127,Building Number 158,NONE
128,Building Number 159,NONE
129,Building Number 160,NONE
130,Building Number 161,NONE
131,Building Number 162,NONE
132,Building Number 163,NONE
133,Building Number 164,NONE
134,Building Number 165,NONE
135,Building Number 166,NONE
136,Building Number 167,NONE
137,Building Number 168,NONE
138,Building Number 169,NONE
139,Building Number 170,NONE
140,Building Number 171,NONE
141,Building Number 172,NONE
142,Building Number 173,NONE
143,Building Number 174,NONE
144,Building Number 176,NONE
145,Building Number 177,NONE
146,Building Number 178,NONE
147,Building Number 179,NONE
148,Building Number 180,NONE
149,Building Number 181,NONE
150,Building Number 183,NONE
151,Building Number 184,NONE
152,Building Number 185,NONE
153,Building Number 187,NONE
154,Building Number 188,NONE
155,Building Number 189,NONE
156,Building Number 190,NONE
157,Building Number 191,NONE
158,Building Number 192,NONE
159,Building Number 193,NONE
160,Building Number 194,NONE
161,Building Number 195,NONE
162,Building Number 196,NONE
163,Building Number 197,NONE
164,Building Number 198,NONE
165,Building Number 199,NONE
166,Building Number 200,NONE
167,Building Number 201,NONE
168,Building Number 202,NONE
169,Building Number 203,NONE
170,Building Number 216,NONE
171,Building Number 217,NONE
172,Building Number 218,NONE
173,Building Number 228,NONE
174,Building Number 229,NONE
175,Building Number 230,NONE
176,Building Number 231,NONE
177,Building Number 232,NONE
178,Building Number 233,NONE
179,Building Number 234,NONE
180,Building Number 235,NONE
181,Building Number 236,NONE
182,Building Number 237,NONE
183,Building Number 238,NONE
184,Building Number 239,NONE
185,Building Number 240,NONE
186,Building Number 241,NONE
187,Building Number 243,NONE
188,Building Number 244,NONE
189,Building Number 245,NONE
190,Building Number 246,NONE
191,Building Number 247,NONE
192,Building Number 248,NONE
193,Building Number 249,NONE
194,Building Number 250,NONE
195,Building Number 251,NONE
196,Building Number 252,NONE
197,Building Number 253,NONE
198,Building Number 254,NONE
199,Building Number 255,NONE
200,Building Number 256,NONE
201,Building Number 257,NONE
202,Building Number 258,NONE
203,Building Number 259,NONE
204,Building Number 260,NONE
205,Building Number 261,NONE
206,Building Number 262,NONE
207,Building Number 263,NONE
208,Building Number 264,NONE
209,Building Number 265,NONE
210,Building Number 266,NONE
211,Building Number 267,NONE
212,Building Number 268,NONE
213,Building Number 269,NONE
214,Building Number 270,NONE
215,Building Number 271,NONE
216,Building Number 272,NONE
217,Building Number 273,NONE
218,Building Number 274,NONE
219,Building Number 275,NONE
220,Building Number 276,NONE
221,Building Number 277,NONE
222,Building Number 278,NONE
223,Building Number 279,NONE
224,Building Number 280,NONE
225,Building Number 281,NONE
226,Building Number 282,NONE
227,Building Number 283,NONE
228,Building Number 284,NONE
229,Building Number 285,NONE
230,Building Number 286,NONE
231,Building Number 287,NONE
232,Building Number 288,NONE
233,Building Number 289,NONE
234,Building Number 290,NONE
235,Building Number 291,NONE
236,Building Number 292,NONE
237,Building Number 293,NONE
238,Building Number 294,NONE
239,Building Number 295,NONE
240,Building Number 296,NONE
241,Building Number 297,NONE
242,Building Number 298,NONE
243,Building Number 299,NONE
244,Building Number 300,NONE
245,Building Number 301,NONE
246,Building Number 302,NONE
247,Building Number 303,NONE
248,Building Number 304,NONE
249,Building Number 305,NONE
250,Building Number 306,NONE
251,Building Number 307,NONE
252,Building Number 308,NONE
253,Building Number 309,NONE
254,Building Number 310,NONE
255,Building Number 311,NONE
256,Building Number 312,NONE
257,Building Number 313,NONE
258,Building Number 314,NONE
259,Building Number 315,NONE
260,Building Number 316,NONE
261,Building Number 317,NONE
262,Building Number 318,NONE
263,Building Number 319,NONE
264,Building Number 320,NONE
265,Building Number 321,NONE
266,Building Number 322,NONE
267,Building Number 323,NONE
268,Building Number 324,NONE
269,Building Number 325,NONE
270,Building Number 326,NONE
271,Building Number 327,NONE
272,Building Number 328,NONE
273,Building Number 329,NONE
274,Building Number 330,NONE
275,Building Number 331,NONE
276,Building Number 332,NONE
277,Building Number 333,NONE
278,Building Number 334,NONE
279,Building Number 335,NONE
280,Building Number 336,NONE
281,Building Number 337,NONE
282,Building Number 338,NONE
283,Building Number 339,NONE
284,Building Number 340,NONE
285,Building Number 341,NONE
286,Building Number 342,NONE
287,Building Number 343,NONE
288,Building Number 344,NONE
289,Building Number 345,NONE
290,Building Number 346,NONE
291,Building Number 347,NONE
292,Building Number 348,NONE
293,Building Number 349,NONE
294,Building Number 350,NONE
295,Building Number 351,NONE
296,Building Number 352,NONE
297,Building Number 353,NONE
298,Building Number 354,NONE
299,Building Number 355,NONE
300,Building Number 356,NONE
301,Building Number 357,NONE
302,Building Number 358,NONE
303,Building Number 359,NONE
304,Building Number 360,NONE
305,Building Number 361,NONE
306,Building Number 362,NONE
307,Building Number 363,NONE
308,Building Number 364,NONE
309,Building Number 365,NONE
310,Building Number 366,NONE
311,Building Number 367,NONE
312,Building Number 368,NONE
313,Building Number 369,NONE
314,Building Number 370,NONE
315,Building Number 371,NONE
316,Building Number 372,NONE
317,Building Number 373,NONE
318,Building Number 374,NONE
319,Building Number 375,NONE
320,Building Number 376,NONE
321,Building Number 377,NONE
322,Building Number 378,NONE
323,Building Number 379,NONE
324,Building Number 380,NONE
325,Building Number 381,NONE
326,Building Number 382,NONE
327,Building Number 383,NONE
328,Building Number 384,NONE
329,Building Number 385,NONE
330,Building Number 386,NONE
331,Building Number 387,NONE
332,Building Number 388,NONE
333,Building Number 389,NONE
334,Building Number 390,NONE
335,Building Number 391,NONE
336,Building Number 392,NONE
337,Building Number 393,NONE
338,Building Number 394,NONE
339,Building Number 395,NONE
340,Building Number 396,NONE
341,Building Number 397,NONE
342,Building Number 398,NONE
343,Building Number 399,NONE
344,Building Number 400,NONE
345,Building Number 401,NONE
346,Building Number 402,NONE
347,Building Number 403,NONE
348,Building Number 404,NONE
349,Building Number 405,NONE
350,Building Number 406,NONE
351,Building Number 407,NONE
352,Building Number 408,NONE
353,Building Number 409,NONE
354,Building Number 410,NONE
355,Building Number 411,NONE
356,Building Number 412,NONE
357,Building Number 413,NONE
358,Building Number 414,NONE
359,Building Number 415,NONE
360,Building Number 416,NONE
361,Building Number 417,NONE
362,Building Number 418,NONE
363,Building Number 419,NONE
364,Building Number 420,NONE
365,Building Number 421,NONE
366,Building Number 422,NONE
367,Building Number 423,NONE
368,Building Number 424,NONE
369,Building Number 425,NONE
370,Building Number 426,NONE
371,Building Number 427,NONE
372,Building Number 428,NONE
373,Building Number 429,NONE
374,Building Number 430,NONE
375,Building Number 431,NONE
376,Building Number 432,NONE
377,Building Number 433,NONE
378,Building Number 434,NONE
379,Building Number 435,NONE
380,Building Number 436,NONE
381,Building Number 437,NONE
382,Building Number 438,NONE
383,Building Number 444,NONE
384,Building Number 453,NONE
385,Building Number 454,NONE
386,Building Number 455,NONE
387,Building Number 456,NONE
388,Building Number 457,NONE
389,Building Number 458,NONE
390,Building Number 459,NONE
391,Building Number 460,NONE
392,Building Number 461,NONE
393,Building Number 462,NONE
394,Building Number 463,NONE
395,Building Number 464,NONE
396,Building Number 465,NONE
397,Building Number 469,NONE
398,Building Number 478,NONE
399,Building Number 479,NONE
400,Building Number 480,NONE
401,Building Number 481,NONE
402,Building Number 482,NONE
403,Building Number 483,NONE
404,Building Number 484,NONE
405,Building Number 485,NONE
406,Building Number 486,NONE
407,Building Number 487,NONE
408,Building Number 489,NONE
409,Building Number 490,NONE
410,Building Number 491,NONE
411,Building Number 492,NONE
412,Building Number 493,NONE
413,Building Number 494,NONE
414,Building Number 495,NONE
415,Building Number 496,NONE
416,Building Number 497,NONE
417,Building Number 498,NONE
418,Building Number 499,NONE
419,Building Number 500,NONE
420,Building Number 501,NONE
421,Building Number 502,NONE
422,Building Number 503,NONE
423,Building Number 504,NONE
424,Building Number 505,NONE
425,Building Number 506,NONE
426,Building Number 507,NONE
427,Building Number 508,NONE
428,Building Number 509,NONE
429,Building Number 510,NONE
430,Building Number 511,NONE
431,Building Number 512,NONE
432,Building Number 513,NONE
433,Building Number 514,NONE
434,Building Number 515,NONE
435,Building Number 516,NONE
436,Building Number 517,NONE
437,Building Number 518,NONE
438,Building Number 519,NONE
439,Building Number 520,NONE
440,Building Number 521,NONE
441,Building Number 522,NONE
442,Building Number 524,NONE
443,Building Number 525,NONE
444,Building Number 526,NONE
445,Building Number 527,NONE
446,Building Number 528,NONE
447,Building Number 529,NONE
448,Building Number 530,NONE
449,Building Number 531,NONE
450,Building Number 532,NONE
451,Building Number 533,NONE
452,Building Number 534,NONE
453,Building Number 535,NONE
454,Building Number 536,NONE
455,Building Number 537,NONE
456,Building Number 538,NONE
457,Building Number 539,NONE
458,Building Number 540,NONE
459,Building Number 541,NONE
460,Building Number 542,NONE
461,Building Number 543,NONE
462,Building Number 544,NONE
463,Building Number 545,NONE
464,Building Number 546,NONE
465,Building Number 547,NONE
466,Building Number 548,NONE
467,Building Number 549,NONE
468,Building Number 550,NONE
469,Building Number 551,NONE
470,Building Number 552,NONE
471,Building Number 553,NONE
472,Building Number 554,NONE
473,Building Number 555,NONE
474,Building Number 556,NONE
475,Building Number 557,NONE
476,Building Number 558,NONE
477,Building Number 559,NONE
478,Building Number 560,NONE
479,Building Number 561,NONE
480,Building Number 562,NONE
481,Building Number 563,NONE
482,Building Number 564,NONE
483,Building Number 565,NONE
484,Building Number 566,NONE
485,Building Number 567,NONE
486,Building Number 568,NONE
487,Building Number 569,NONE
488,Building Number 570,NONE
489,Building Number 571,NONE
490,Building Number 572,NONE
491,Building Number 573,NONE
492,Building Number 574,NONE
493,Building Number 575,NONE
494,Building Number 576,NONE
495,Building Number 577,NONE
496,Building Number 578,NONE
497,Building Number 579,NONE
498,Building Number 580,NONE
499,Building Number 581,NONE
500,Building Number 582,NONE
501,Building Number 583,NONE
502,Building Number 584,NONE
503,Building Number 585,NONE
504,Building Number 586,NONE
505,Building Number 587,NONE
506,Building Number 588,NONE
507,Building Number 589,NONE
508,Building Number 590,NONE
509,Building Number 591,NONE
510,Building Number 592,NONE
511,Building Number 593,NONE
512,Building Number 594,NONE
513,Building Number 595,NONE
514,Building Number 596,NONE
515,Building Number 597,NONE
516,Building Number 598,NONE
517,Building Number 599,NONE
518,Building Number 600,NONE
519,Building Number 601,NONE
520,Building Number 602,NONE
521,Building Number 603,NONE
522,Building Number 604,NONE
523,Building Number 605,NONE
524,Building Number 606,NONE
525,Building Number 607,NONE
526,Building Number 608,NONE
527,Building Number 609,NONE
528,Building Number 610,NONE
529,Building Number 611,NONE
530,Building Number 612,NONE
531,Building Number 613,NONE
532,Building Number 614,NONE
533,Building Number 615,NONE
534,Building Number 616,NONE
535,Building Number 617,NONE
536,Building Number 618,NONE
537,Building Number 619,NONE
538,Building Number 620,NONE
539,Building Number 621,NONE
540,Building Number 622,NONE
541,Building Number 623,NONE
542,Building Number 624,NONE
543,Building Number 625,NONE
544,Building Number 626,NONE
545,Building Number 627,NONE
546,Building Number 628,NONE
547,Building Number 629,NONE
548,Building Number 630,NONE
549,Building Number 631,NONE
550,Building Number 632,NONE
551,Building Number 633,NONE
552,Building Number 634,NONE
553,Building Number 635,NONE
554,Building Number 636,NONE
555,Building Number 637,NONE
556,Building Number 638,NONE
557,Building Number 639,NONE
558,Building Number 640,NONE
559,Building Number 641,NONE
560,Building Number 642,NONE
561,Building Number 643,NONE
562,Building Number 644,NONE
563,Building Number 645,NONE
564,Building Number 646,NONE
565,Building Number 647,NONE
566,Building Number 648,NONE
567,Building Number 649,NONE
568,Building Number 650,NONE
569,Building Number 651,NONE
570,Building Number 652,NONE
571,Building Number 653,NONE
572,Building Number 654,NONE
573,Building Number 655,NONE
574,Building Number 656,NONE
575,Building Number 657,NONE
576,Building Number 658,NONE
577,Building Number 659,NONE
578,Building Number 660,NONE
579,Building Number 661,NONE
580,Building Number 662,NONE
581,Building Number 663,NONE
582,Building Number 664,NONE
583,Building Number 665,NONE
584,Building Number 666,NONE
585,Building Number 667,NONE
586,Building Number 668,NONE
587,Building Number 669,NONE
588,Building Number 670,NONE
589,Building Number 671,NONE
590,Building Number 672,NONE
591,Building Number 673,NONE
592,Building Number 674,NONE
593,Building Number 675,NONE
594,Building Number 676,NONE
595,Building Number 677,NONE
596,Building Number 678,NONE
597,Building Number 679,NONE
598,Building Number 680,NONE
599,Building Number 681,NONE
600,Building Number 682,NONE
601,Building Number 683,NONE
602,Building Number 684,NONE
603,Building Number 685,NONE
604,Building Number 686,NONE
605,Building Number 687,NONE
606,Building Number 688,NONE
607,Building Number 689,NONE
608,Building Number 690,NONE
609,Building Number 691,NONE
610,Building Number 692,NONE
611,Building Number 693,NONE
612,Building Number 694,NONE
613,Building Number 695,NONE
614,Building Number 696,NONE
615,Building Number 697,NONE
616,Building Number 698,NONE
617,Building Number 699,NONE
618,Building Number 700,NONE
619,Building Number 701,NONE
620,Building Number 702,NONE
621,Building Number 703,NONE
622,Building Number 704,NONE
623,Building Number 705,NONE
624,Building Number 706,NONE
625,Building Number 707,NONE
626,Building Number 708,NONE
627,Building Number 709,NONE
628,Building Number 710,NONE
629,Building Number 711,NONE
630,Building Number 712,NONE
631,Building Number 713,NONE
632,Building Number 714,NONE
633,Building Number 715,NONE
634,Building Number 716,NONE
635,Building Number 717,NONE
636,Building Number 718,NONE
637,Building Number 719,NONE
638,Building Number 720,NONE
639,Building Number 721,NONE
640,Building Number 722,NONE
641,Building Number 723,NONE
642,Building Number 724,NONE
643,Building Number 725,NONE
644,Building Number 726,NONE
645,Building Number 727,NONE
646,Building Number 728,NONE
647,Building Number 729,NONE
648,Building Number 730,NONE
649,Building Number 731,NONE
650,Building Number 732,NONE
651,Building Number 733,NONE
652,Building Number 734,NONE
653,Building Number 735,NONE
654,Building Number 736,NONE
655,Building Number 737,NONE
656,Building Number 738,NONE
657,Building Number 739,NONE
658,Building Number 740,NONE
659,Building Number 741,NONE
660,Building Number 742,NONE
661,Building Number 743,NONE
662,Building Number 744,NONE
663,Building Number 745,NONE
664,Building Number 746,NONE
665,Building Number 747,NONE
666,Building Number 748,NONE
667,Building Number 749,NONE
668,Building Number 750,NONE
669,Building Number 751,NONE
670,Building Number 752,NONE
671,Building Number 753,NONE
672,Building Number 754,NONE
673,Building Number 755,NONE
674,Building Number 756,NONE
675,Building Number 757,NONE
676,Building Number 758,NONE
677,Building Number 759,NONE
678,Building Number 760,NONE
679,Building Number 761,NONE
680,Building Number 762,NONE
681,Building Number 763,NONE
682,Building Number 764,NONE
683,Building Number 765,NONE
684,Building Number 766,NONE
685,Building Number 767,NONE
686,Building Number 776,NONE
687,Building Number 777,NONE
688,Building Number 778,NONE
689,Building Number 779,NONE
690,Building Number 780,NONE
691,Building Number 781,NONE
692,Building Number 782,NONE
693,Building Number 783,NONE
694,Building Number 784,NONE
695,Building Number 785,NONE
696,Building Number 786,NONE
697,Building Number 787,NONE
698,Building Number 788,NONE
699,Building Number 789,NONE
700,Building Number 790,NONE
701,Building Number 791,NONE
702,Building Number 792,NONE
703,Building Number 793,NONE
704,Building Number 794,NONE
705,Building Number 795,NONE
706,Building Number 796,NONE
707,Building Number 797,NONE
708,Building Number 798,NONE
709,Building Number 799,NONE
710,Building Number 800,NONE
711,Building Number 801,NONE
712,Building Number 802,NONE
713,Building Number 803,NONE
714,Building Number 804,NONE
715,Building Number 805,NONE
716,Building Number 806,NONE
717,Building Number 807,NONE
718,Building Number 808,NONE
719,Building Number 809,NONE
720,Building Number 810,NONE
721,Building Number 811,NONE
722,Building Number 812,NONE
723,Building Number 813,NONE
724,Building Number 814,NONE
725,Building Number 815,NONE
726,Building Number 816,NONE
727,Building Number 817,NONE
728,Building Number 818,NONE
729,Building Number 819,NONE
730,Building Number 820,NONE
731,Building Number 821,NONE
732,Building Number 822,NONE
733,Building Number 823,NONE
734,Building Number 824,NONE
735,Building Number 825,NONE
736,Building Number 826,NONE
737,Building Number 827,NONE
738,Building Number 828,NONE
739,Building Number 829,NONE
740,Building Number 830,NONE
741,Building Number 831,NONE
742,Building Number 832,NONE
743,Building Number 833,NONE
744,Building Number 834,NONE
745,Building Number 835,NONE
746,Building Number 836,NONE
747,Building Number 837,NONE
748,Building Number 838,NONE
749,Building Number 839,NONE
750,Building Number 840,NONE
751,Building Number 841,NONE
752,Building Number 842,NONE
753,Building Number 843,NONE
754,Building Number 844,NONE
755,Building Number 845,NONE
756,Building Number 846,NONE
757,Building Number 847,NONE
758,Building Number 848,NONE
759,Building Number 849,NONE
760,Building Number 850,NONE
761,Building Number 851,NONE
762,Building Number 852,NONE
763,Building Number 853,NONE
764,Building Number 854,NONE
765,Building Number 855,NONE
766,Building Number 856,NONE
767,Building Number 857,NONE
768,Building Number 858,NONE
769,Building Number 859,NONE
770,Building Number 860,NONE
771,Building Number 861,NONE
772,Building Number 862,NONE
773,Building Number 863,NONE
774,Building Number 864,NONE
775,Building Number 865,NONE
776,Building Number 866,NONE
777,Building Number 867,NONE
778,Building Number 868,NONE
779,Building Number 869,NONE
780,Building Number 870,NONE
781,Building Number 871,NONE
782,Building Number 895,NONE
783,Building Number 896,NONE
784,Building Number 899,NONE
785,Building Number 900,NONE
786,Building Number 901,NONE
787,Building Number 902,NONE
788,Building Number 943,NONE
789,Building Number 944,NONE
790,Building Number 945,NONE
791,Building Number 946,NONE
792,Building Number 947,NONE
793,Building Number 948,NONE
794,Building Number 949,NONE
795,Building Number 950,NONE
796,Building Number 951,NONE
797,Building Number 952,NONE
798,Building Number 953,NONE
799,Building Number 954,NONE
800,Building Number 955,NONE
801,Building Number 956,NONE
802,Building Number 957,NONE
803,Building Number 958,NONE
804,Building Number 959,NONE
805,Building Number 960,NONE
806,Building Number 961,NONE
807,Building Number 962,NONE
808,Building Number 963,NONE
809,Building Number 964,NONE
810,Building Number 965,NONE
811,Building Number 966,NONE
812,Building Number 967,NONE
813,Building Number 968,NONE
814,Building Number 969,NONE
815,Building Number 970,NONE
816,Building Number 971,NONE
817,Building Number 972,NONE
818,Building Number 973,NONE
819,Building Number 974,NONE
820,Building Number 975,NONE
821,Building Number 976,NONE
822,Building Number 977,NONE
823,Building Number 978,NONE
824,Building Number 979,NONE
825,Building Number 980,NONE
826,Building Number 981,NONE
827,Building Number 982,NONE
828,Building Number 983,NONE
829,Building Number 989,NONE
830,Building Number 990,NONE
831,Building Number 991,NONE
832,Building Number 992,NONE
833,Building Number 993,NONE
834,Building Number 994,NONE
835,Building Number 995,NONE
836,Building Number 996,NONE
837,Building Number 997,NONE
838,Building Number 998,NONE
839,Building Number 999,NONE
840,Building Number 1000,NONE
841,Building Number 1001,NONE
842,Building Number 1002,NONE
843,Building Number 1003,NONE
844,Building Number 1004,NONE
845,Building Number 1005,NONE
846,Building Number 1006,NONE
847,Building Number 1007,NONE
848,Building Number 1008,NONE
849,Building Number 1009,NONE
850,Building Number 1010,NONE
851,Building Number 1011,NONE
852,Building Number 1012,NONE
853,Building Number 1013,NONE
854,Building Number 1014,NONE
855,Building Number 1015,NONE
856,Building Number 1016,NONE
857,Building Number 1017,NONE
858,Building Number 1018,NONE
859,Building Number 1019,NONE
860,Building Number 1020,NONE
861,Building Number 1021,NONE
862,Building Number 1022,NONE
863,Building Number 1023,NONE
864,Building Number 1024,NONE
865,Building Number 1025,NONE
866,Building Number 1026,NONE
867,Building Number 1027,NONE
868,Building Number 1028,NONE
869,Building Number 1029,NONE
870,Building Number 1030,NONE
871,Building Number 1031,NONE
872,Building Number 1032,NONE
873,Building Number 1033,NONE
874,Building Number 1034,NONE
875,Building Number 1035,NONE
876,Building Number 1036,NONE
877,Building Number 1037,NONE
878,Building Number 1038,NONE
879,Building Number 1039,NONE
880,Building Number 1040,NONE
881,Building Number 1041,NONE
882,Building Number 1042,NONE
883,Building Number 1043,NONE
884,Building Number 1044,NONE
885,Building Number 1045,NONE
886,Building Number 1046,NONE
887,Building Number 1047,NONE
888,Building Number 1048,NONE
889,Building Number 1049,NONE
890,Building Number 1050,NONE
891,Building Number 1051,NONE
892,Building Number 1052,NONE
893,Building Number 1053,NONE
894,Building Number 1054,NONE
895,Building Number 1055,NONE
896,Building Number 1056,NONE
897,Building Number 1057,NONE
898,Building Number 1058,NONE
899,Building Number 1059,NONE
900,Building Number 1060,NONE
901,Building Number 1061,NONE
902,Building Number 1062,NONE
903,Building Number 1063,NONE
904,Building Number 1064,NONE
905,Building Number 1065,NONE
906,Building Number 1066,NONE
907,Building Number 1067,NONE
908,Building Number 1068,NONE
909,Building Number 1069,NONE
910,Building Number 1070,NONE
911,Building Number 1071,NONE
912,Building Number 1072,NONE
913,Building Number 1073,NONE
914,Building Number 1074,NONE
915,Building Number 1075,NONE
916,Building Number 1076,NONE
917,Building Number 1077,NONE
918,Building Number 1078,NONE
919,Building Number 1080,NONE
920,Building Number 1081,NONE
921,Building Number 1082,NONE
922,Building Number 1083,NONE
923,Building Number 1084,NONE
924,Building Number 1085,NONE
925,Building Number 1086,NONE
926,Building Number 1087,NONE
927,Building Number 1088,NONE
928,Building Number 1089,NONE
929,Building Number 1090,NONE
930,Building Number 1091,NONE
931,Building Number 1092,NONE
932,Building Number 1093,NONE
933,Building Number 1094,NONE
934,Building Number 1095,NONE
935,Building Number 1096,NONE
936,Building Number 1097,NONE
937,Building Number 1098,NONE
938,Building Number 1099,NONE
939,Building Number 1100,NONE
940,Building Number 1101,NONE
941,Building Number 1102,NONE
942,Building Number 1103,NONE
943,Building Number 1104,NONE
944,Building Number 1105,NONE
945,Building Number 1106,NONE
946,Building Number 1107,NONE
947,Building Number 1108,NONE
948,Building Number 1109,NONE
949,Building Number 1110,NONE
950,Building Number 1111,NONE
951,Building Number 1112,NONE
952,Building Number 1113,NONE
953,Building Number 1114,NONE
954,Building Number 1115,NONE
955,Building Number 1116,NONE
956,Building Number 1117,NONE
957,Building Number 1118,NONE
958,Building Number 1119,NONE
959,Building Number 1120,NONE
960,Building Number 1121,NONE
961,Building Number 1122,NONE
962,Building Number 1123,NONE
963,Building Number 1124,NONE
964,Building Number 1125,NONE
965,Building Number 1126,NONE
966,Building Number 1127,NONE
967,Building Number 1128,NONE
968,Building Number 1129,NONE
969,Building Number 1130,NONE
970,Building Number 1131,NONE
971,Building Number 1132,NONE
972,Building Number 1133,NONE
973,Building Number 1134,NONE
974,Building Number 1135,NONE
975,Building Number 1136,NONE
976,Building Number 1137,NONE
977,Building Number 1138,NONE
978,Building Number 1139,NONE
979,Building Number 1140,NONE
980,Building Number 1141,NONE
981,Building Number 1142,NONE
982,Building Number 1143,NONE
983,Building Number 1144,NONE
984,Building Number 1145,NONE
985,Building Number 1146,NONE
986,Building Number 1147,NONE
987,Building Number 1148,NONE
988,Building Number 1149,NONE
989,Building Number 1150,NONE
990,Building Number 1151,NONE
991,Building Number 1152,NONE
992,Building Number 1153,NONE
993,Building Number 1154,NONE
994,Building Number 1155,NONE
995,Building Number 1156,NONE
996,Building Number 1157,NONE
997,Building Number 1158,NONE
998,Building Number 1159,NONE
999,Building Number 1160,NONE
1000,Building Number 1161,NONE
1001,Building Number 1162,NONE
1002,Building Number 1163,NONE
1003,Building Number 1164,NONE
1004,Building Number 1165,NONE
1005,Building Number 1166,NONE
1006,Building Number 1167,NONE
1007,Building Number 1168,NONE
1008,Building Number 1169,NONE
1009,Building Number 1170,NONE
1010,Building Number 1171,NONE
1011,Building Number 1172,NONE
1012,Building Number 1173,NONE
1013,Building Number 1174,NONE
1014,Building Number 1175,NONE
1015,Building Number 1176,NONE
1016,Building Number 1177,NONE
1017,Building Number 1178,NONE
1018,Building Number 1179,NONE
1019,Building Number 1180,NONE
1020,Building Number 1181,NONE
1021,Building Number 1182,NONE
1022,Building Number 1183,NONE
1023,Building Number 1184,NONE
1024,Building Number 1185,NONE
1025,Building Number 1186,NONE
1026,Building Number 1187,NONE
1027,Building Number 1188,NONE
1028,Building Number 1189,NONE
1029,Building Number 1190,NONE
1030,Building Number 1191,NONE
1031,Building Number 1192,NONE
1032,Building Number 1193,NONE
1033,Building Number 1194,NONE
1034,Building Number 1195,NONE
1035,Building Number 1196,NONE
1036,Building Number 1197,NONE
1037,Building Number 1198,NONE
1038,Building Number 1199,NONE
1039,Building Number 1200,NONE
1040,Building Number 1201,NONE
1041,Building Number 1202,NONE
1042,Building Number 1203,NONE
1043,Building Number 1204,NONE
1044,Building Number 1205,NONE
1045,Building Number 1206,NONE
1046,Building Number 1207,NONE
1047,Building Number 1208,NONE
1048,Building Number 1209,NONE
1049,Building Number 1210,NONE
1050,Building Number 1211,NONE
1051,Building Number 1212,NONE
1052,Building Number 1213,NONE
1053,Building Number 1214,NONE
1054,Building Number 1215,NONE
1055,Building Number 1216,NONE
1056,Building Number 1217,NONE
1057,Building Number 1218,NONE
1058,Building Number 1219,NONE
1059,Building Number 1220,NONE
1060,Building Number 1221,NONE
1061,Building Number 1222,NONE
1062,Building Number 1223,NONE
1063,Building Number 1224,NONE
1064,Building Number 1225,NONE
1065,Building Number 1226,NONE
1066,Building Number 1227,NONE
1067,Building Number 1228,NONE
1068,Building Number 1229,NONE
1069,Building Number 1230,NONE
1070,Building Number 1231,NONE
1071,Building Number 1232,NONE
1072,Building Number 1233,NONE
1073,Building Number 1234,NONE
1074,Building Number 1235,NONE
1075,Building Number 1236,NONE
1076,Building Number 1237,NONE
1077,Building Number 1238,NONE
1078,Building Number 1239,NONE
1079,Building Number 1240,NONE
1080,Building Number 1241,NONE
1081,Building Number 1242,NONE
1082,Building Number 1243,NONE
1083,Building Number 1244,NONE
1084,Building Number 1245,NONE
1085,Building Number 1246,NONE
1086,Building Number 1247,NONE
1087,Building Number 1248,NONE
1088,Building Number 1249,NONE
1089,Building Number 1250,NONE
1090,Building Number 1251,NONE
1091,Building Number 1252,NONE
1092,Building Number 1254,NONE
1093,Building Number 1255,NONE
1094,Building Number 1256,NONE
1095,Building Number 1257,NONE
1096,Building Number 1258,NONE
1097,Building Number 1259,NONE
1098,Building Number 1260,NONE
1099,Building Number 1261,NONE
1100,Building Number 1262,NONE
1101,Building Number 1263,NONE
1102,Building Number 1264,NONE
1103,Building Number 1265,NONE
1104,Building Number 1266,NONE
1105,Building Number 1267,NONE
1106,Building Number 1268,NONE
1107,Building Number 1269,NONE
1108,Building Number 1270,NONE
1109,Building Number 1271,NONE
1110,Building Number 1272,NONE
1111,Building Number 1273,NONE
1112,Building Number 1274,NONE
1113,Building Number 1275,NONE
1114,Building Number 1276,NONE
1115,Building Number 1277,NONE
1116,Building Number 1278,NONE
1117,Building Number 1279,NONE
1118,Building Number 1280,NONE
1119,Building Number 1281,NONE
1120,Building Number 1282,NONE
1121,Building Number 1283,NONE
1122,Building Number 1284,NONE
1123,Building Number 1285,NONE
1124,Building Number 1286,NONE
1125,Building Number 1287,NONE
1126,Building Number 1288,NONE
1127,Building Number 1290,NONE
1128,Building Number 1291,NONE
1129,Building Number 1292,NONE
1130,Building Number 1293,NONE
1131,Building Number 1294,NONE
1132,Building Number 1295,NONE
1133,Building Number 1296,NONE
1134,Building Number 1297,NONE
1135,Building Number 1298,NONE
1136,Building Number 1299,NONE
1137,Building Number 1300,NONE
1138,Building Number 1301,NONE
1139,Building Number 1302,NONE
1140,Building Number 1303,NONE
1141,Building Number 1304,NONE
1142,Building Number 1305,NONE
1143,Building Number 1306,NONE
1144,Building Number 1307,NONE
1145,Building Number 1308,NONE
1146,Building Number 1309,NONE
1147,Building Number 1310,NONE
1148,Building Number 1311,NONE
1149,Building Number 1312,NONE
1150,Building Number 1313,NONE
1151,Building Number 1314,NONE
1152,Building Number 1315,NONE
1153,Building Number 1316,NONE
1154,Building Number 1317,NONE
1155,Building Number 1318,NONE
1156,Building Number 1319,NONE
1157,Building Number 1320,NONE
1158,Building Number 1321,NONE
1159,Building Number 1322,NONE
1160,Building Number 1323,NONE
1161,Building Number 1324,NONE
1162,Building Number 1325,NONE
1163,Building Number 1326,NONE
1164,Building Number 1327,NONE
1165,Building Number 1328,NONE
1166,Building Number 1329,NONE
1167,Building Number 1330,NONE
1168,Building Number 1331,NONE
1169,Building Number 1332,NONE
1170,Building Number 1333,NONE
1171,Building Number 1334,NONE
1172,Building Number 1335,NONE
1173,Building Number 1336,NONE
1174,Building Number 1337,NONE
1175,Building Number 1338,NONE
1176,Building Number 1339,NONE
1177,Building Number 1340,NONE
1178,Building Number 1341,NONE
1179,Building Number 1342,NONE
1180,Building Number 1343,NONE
1181,Building Number 1344,NONE
1182,Building Number 1345,NONE
1183,Building Number 1346,NONE
1184,Building Number 1347,NONE
1185,Building Number 1348,NONE
1186,Building Number 1349,NONE
1187,Building Number 1350,NONE
1188,Building Number 1351,NONE
1189,Building Number 1352,NONE
1190,Building Number 1353,NONE
1191,Building Number 1354,NONE
1192,Building Number 1355,NONE
1193,Building Number 1356,NONE
1194,Building Number 1357,NONE
1195,Building Number 1358,NONE
1196,Building Number 1359,NONE
1197,Building Number 1360,NONE
1198,Building Number 1361,NONE
1199,Building Number 1362,NONE
1200,Building Number 1363,NONE
1201,Building Number 1364,NONE
1202,Building Number 1365,NONE
1203,Building Number 1366,NONE
1204,Building Number 1367,NONE
1205,Building Number 1368,NONE
1206,Building Number 1369,NONE
1207,Building Number 1370,NONE
1208,Building Number 1371,NONE
1209,Building Number 1372,NONE
1210,Building Number 1373,NONE
1211,Building Number 1374,NONE
1212,Building Number 1375,NONE
1213,Building Number 1376,NONE
1214,Building Number 1377,NONE
1215,Building Number 1378,NONE
1216,Building Number 1379,NONE
1217,Building Number 1380,NONE
1218,Building Number 1381,NONE
1219,Building Number 1382,NONE
1220,Building Number 1383,NONE
1221,Building Number 1384,NONE
1222,Building Number 1385,NONE
1223,Building Number 1386,NONE
1224,Building Number 1387,NONE
1225,Building Number 1388,NONE
1226,Building Number 1389,NONE
1227,Building Number 1390,NONE
1228,Building Number 1391,NONE
1229,Building Number 1392,NONE
1230,Building Number 1393,NONE
1231,Building Number 1394,NONE
1232,Building Number 1395,NONE
1233,Building Number 1396,NONE
1234,Building Number 1397,NONE
1235,Building Number 1398,NONE
1236,Building Number 1399,NONE
1237,Building Number 1400,NONE
1238,Building Number 1401,NONE
1239,Building Number 1402,NONE
1240,Building Number 1403,NONE
1241,Building Number 1404,NONE
1242,Building Number 1405,NONE
1243,Building Number 1406,NONE
1244,Building Number 1407,NONE
1245,Building Number 1408,NONE
1246,Building Number 1409,NONE
1247,Building Number 1410,NONE
1248,Building Number 1411,NONE
1249,Building Number 1412,NONE
1250,Building Number 1413,NONE
1251,Building Number 1414,NONE
1252,Building Number 1415,NONE
1253,Building Number 1416,NONE
1254,Building Number 1417,NONE
1255,Building Number 1418,NONE
1256,Building Number 1419,NONE
1257,Building Number 1420,NONE
1258,Building Number 1421,NONE
1259,Building Number 1422,NONE
1260,Building Number 1423,NONE
1261,Building Number 1424,NONE
1262,Building Number 1425,NONE
1263,Building Number 1426,NONE
1264,Building Number 1427,NONE
1265,Building Number 1428,NONE
1266,Building Number 1429,NONE
1267,Building Number 1430,NONE
1268,Building Number 1431,NONE
1269,Building Number 1432,NONE
1270,Building Number 1433,NONE
1271,Building Number 1434,NONE
1272,Building Number 1435,NONE
1273,Building Number 1436,NONE
1274,Building Number 1437,NONE
1275,Building Number 1438,NONE
1276,Building Number 1439,NONE
1277,Building Number 1440,NONE
1278,Building Number 1441,NONE
1279,Building Number 1442,NONE
1280,Building Number 1443,NONE
1281,Building Number 1444,NONE
1282,Building Number 1445,NONE
1283,Building Number 1446,NONE
1284,Building Number 1447,NONE
1285,Building Number 1448,NONE
1286,Building Number 1449,NONE
1287,Building Number 1450,NONE
1288,Building Number 1451,NONE
1289,Building Number 1452,NONE
1290,Building Number 1453,NONE
1291,Building Number 1454,NONE
1292,Building Number 1455,NONE
1293,Building Number 1456,NONE
1294,Building Number 1457,NONE
1295,Building Number 1458,NONE
1296,Building Number 1459,NONE
1297,Building Number 1460,NONE
1298,Building Number 1461,NONE
1299,Building Number 1462,NONE
1300,Building Number 1463,NONE
1301,Building Number 1464,NONE
1302,Building Number 1465,NONE
1303,Building Number 1466,NONE
1304,Building Number 1467,NONE
1305,Building Number 1468,NONE
1306,Building Number 1469,NONE
1307,Building Number 1470,NONE
1308,Building Number 1471,NONE
1309,Building Number 1472,NONE
1310,Building Number 1473,NONE
1311,Building Number 1474,NONE
1312,Building Number 1475,NONE
1313,Building Number 1476,NONE
1314,Building Number 1477,NONE
1315,Building Number 1628,NONE
1316,Building Number 1629,NONE
1317,Building Number 1630,NONE
1318,Building Number 1631,NONE
1319,Building Number 1632,NONE
1320,Building Number 1633,NONE
1321,Building Number 1634,NONE
1322,Building Number 1635,NONE
1323,Building Number 1636,NONE
1324,Building Number 1646,NONE
1325,Building Number 1647,NONE
1326,Building Number 1648,NONE
1327,Building Number 1649,NONE
1328,Building Number 1650,NONE
1329,Building Number 1651,NONE
1330,Building Number 1652,NONE
1331,Building Number 1653,NONE
1332,Building Number 1755,NONE
1333,Building Number 1988,NONE
1334,Building Number 2084,NONE
1335,Building Number 2085,NONE
1336,Building Number 2086,NONE
1337,Building Number 2087,NONE
1338,Building Number 2088,NONE
1339,Building Number 2089,NONE
1340,Building Number 2090,NONE
1341,Building Number 2091,NONE
1342,Building Number 2092,NONE
1343,Building Number 2093,NONE
1344,Building Number 2094,NONE
1345,Building Number 2095,NONE
1346,Building Number 2096,NONE
1347,Building Number 2097,NONE
1348,Building Number 2098,NONE
1349,Building Number 2099,NONE
1350,Building Number 2100,NONE
1351,Building Number 2101,NONE
1352,Building Number 2102,NONE
1353,Building Number 2103,NONE
1354,Building Number 2104,NONE
1355,Building Number 2105,NONE
1356,Building Number 2106,NONE
1357,Building Number 2107,NONE
1358,Building Number 2108,NONE
1359,Building Number 2109,NONE
1360,Building Number 2110,NONE
1361,Building Number 2111,NONE
1362,Building Number 2112,NONE
1363,Building Number 2113,NONE
1364,Building Number 2114,NONE
1365,Building Number 2115,NONE
1366,Building Number 2116,NONE
1367,Building Number 2117,NONE
1368,Building Number 2118,NONE
1369,Building Number 2119,NONE
1370,Building Number 2120,NONE
1371,Building Number 2121,NONE
1372,Building Number 2122,NONE
1373,Building Number 2123,NONE
1374,Building Number 2124,NONE
1375,Building Number 2125,NONE
1376,Building Number 2126,NONE
1377,Building Number 2127,NONE
1378,Building Number 2128,NONE
1379,Building Number 2129,NONE
1380,Building Number 2130,NONE
1381,Building Number 2131,NONE
1382,Building Number 2132,NONE
1383,Building Number 2133,NONE
1384,Building Number 2134,NONE
1385,Building Number 2135,NONE
1386,Building Number 2136,NONE
1387,Building Number 2137,NONE
1388,Building Number 2138,NONE
1389,Building Number 2139,NONE
1390,Building Number 2140,NONE
1391,Building Number 2141,NONE
1392,Building Number 2142,NONE
1393,Building Number 2143,NONE
1394,Building Number 2144,NONE
1395,Building Number 2145,NONE
1396,Building Number 2146,NONE
1397,Building Number 2147,NONE
1398,Building Number 2148,NONE
1399,Building Number 2149,NONE
1400,Building Number 2150,NONE
1401,Building Number 2151,NONE
1402,Building Number 2152,NONE
1403,Building Number 2153,NONE
1404,Building Number 2154,NONE
1405,Building Number 2155,NONE
1406,Building Number 2156,NONE
1407,Building Number 2157,NONE
1408,Building Number 2158,NONE
1409,Building Number 2159,NONE
1410,Building Number 2160,NONE
1411,Building Number 2161,NONE
1412,Building Number 2162,NONE
1413,Building Number 2163,NONE
1414,Building Number 2164,NONE
1415,Building Number 2165,NONE
1416,Building Number 2166,NONE
1417,Building Number 2167,NONE
1418,Building Number 2168,NONE
1419,Building Number 2169,NONE
1420,Building Number 2170,NONE
1421,Building Number 2171,NONE
1422,Building Number 2172,NONE
1423,Building Number 2173,NONE
1424,Building Number 2174,NONE
1425,Building Number 2175,NONE
1426,Building Number 2176,NONE
1427,Building Number 2177,NONE
1428,Building Number 2178,NONE
1429,Building Number 2179,NONE
1430,Building Number 2180,NONE
1431,Building Number 2181,NONE
1432,Building Number 2182,NONE
1433,Building Number 2183,NONE
1434,Building Number 2184,NONE
1435,Building Number 2185,NONE
1436,Building Number 2186,NONE
1437,Building Number 2187,NONE
1438,Building Number 2188,NONE
1439,Building Number 2189,NONE
1440,Building Number 2190,NONE
1441,Building Number 2191,NONE
1442,Building Number 2192,NONE
1443,Building Number 2193,NONE
1444,Building Number 2194,NONE
1445,Building Number 2195,NONE
1446,Building Number 2196,NONE
1447,Building Number 2197,NONE
1448,Building Number 2198,NONE
1449,Building Number 2199,NONE
1450,Building Number 2200,NONE
1451,Building Number 2201,NONE
1452,Building Number 2202,NONE
1453,Building Number 2203,NONE
1454,Building Number 2204,NONE
1455,Building Number 2205,NONE
1456,Building Number 2206,NONE
1457,Building Number 2207,NONE
1458,Building Number 2208,NONE
1459,Building Number 2209,NONE
1460,Building Number 2210,NONE
1461,Building Number 2211,NONE
1462,Building Number 2212,NONE
1463,Building Number 2213,NONE
1464,Building Number 2214,NONE
1465,Building Number 2215,NONE
1466,Building Number 2216,NONE
1467,Building Number 2217,NONE
1468,Building Number 2218,NONE
1469,Building Number 2219,NONE
1470,Building Number 2220,NONE
1471,Building Number 2221,NONE
1472,Building Number 2222,NONE
1473,Building Number 2223,NONE
1474,Building Number 2224,NONE
1475,Building Number 2225,NONE
1476,Building Number 2226,NONE
1477,Building Number 2227,NONE
1478,Building Number 2228,NONE
1479,Building Number 2229,NONE
1480,Building Number 2230,NONE
1481,Building Number 2231,NONE
1482,Building Number 2232,NONE
1483,Building Number 2233,NONE
1484,Building Number 2234,NONE
1485,Building Number 2235,NONE
1486,Building Number 2236,NONE
1487,Building Number 2237,NONE
1488,Building Number 2238,NONE
1489,Building Number 2239,NONE
1490,Building Number 2240,NONE
1491,Building Number 2241,NONE
1492,Building Number 2242,NONE
1493,Building Number 2243,NONE
1494,Building Number 2244,NONE
1495,Building Number 2245,NONE
1496,Building Number 2246,NONE
1497,Building Number 2247,NONE
1498,Building Number 2248,NONE
1499,Building Number 2249,NONE
1500,Building Number 2250,NONE
1501,Building Number 2251,NONE
1502,Building Number 2252,NONE
1503,Building Number 2253,NONE
1504,Building Number 2254,NONE
1505,Building Number 2255,NONE
1506,Building Number 2256,NONE
1507,Building Number 2257,NONE
1508,Building Number 2258,NONE
1509,Building Number 2259,NONE
1510,Building Number 2260,NONE
1511,Building Number 2261,NONE
1512,Building Number 2262,NONE
1513,Building Number 2263,NONE
1514,Building Number 2264,NONE
1515,Building Number 2265,NONE
1516,Building Number 2266,NONE
1517,Building Number 2267,NONE
1518,Building Number 2268,NONE
1519,Building Number 2269,NONE
1520,Building Number 2270,NONE
1521,Building Number 2271,NONE
1522,Building Number 2272,NONE
1523,Building Number 2273,NONE
1524,Building Number 2274,NONE
1525,Building Number 2275,NONE
1526,Building Number 2276,NONE
1527,Building Number 2277,NONE
1528,Building Number 2278,NONE
1529,Building Number 2279,NONE
1530,Building Number 2280,NONE
1531,Building Number 2281,NONE
1532,Building Number 2282,NONE
1533,Building Number 2283,NONE
1534,Building Number 2284,NONE
1535,Building Number 2285,NONE
1536,Building Number 2286,NONE
1537,Building Number 2287,NONE
1538,Building Number 2288,NONE
1539,Building Number 2289,NONE
1540,Building Number 2290,NONE
1541,Building Number 2291,NONE
1542,Building Number 2292,NONE
1543,Building Number 2293,NONE
1544,Building Number 2294,NONE
1545,Building Number 2295,NONE
1546,Building Number 2296,NONE
1547,Building Number 2297,NONE
1548,Building Number 2298,NONE
1549,Building Number 2299,NONE
1550,Building Number 2300,NONE
1551,Building Number 2301,NONE
1552,Building Number 2302,NONE
1553,Building Number 2303,NONE
1554,Building Number 2304,NONE
1555,Building Number 2305,NONE
1556,Building Number 2306,NONE
1557,Building Number 2307,NONE
1558,Building Number 2308,NONE
1559,Building Number 2309,NONE
1560,Building Number 2310,NONE
1561,Building Number 2311,NONE
1562,Building Number 2312,NONE
1563,Building Number 2313,NONE
1564,Building Number 2314,NONE
1565,Building Number 2315,NONE
1566,Building Number 2316,NONE
1567,Building Number 2317,NONE
1568,Building Number 2318,NONE
1569,Building Number 2319,NONE
1570,Building Number 2320,NONE
1571,Building Number 2321,NONE
1572,Building Number 2322,NONE
1573,Building Number 2323,NONE
1574,Building Number 2324,NONE
1575,Building Number 2325,NONE
1576,Building Number 2326,NONE
1577,Building Number 2327,NONE
1578,Building Number 2328,NONE
1579,Building Number 2329,NONE
1580,Building Number 2330,NONE
1581,Building Number 2331,NONE
1582,Building Number 2332,NONE
1583,Building Number 2333,NONE
1584,Building Number 2334,NONE
1585,Building Number 2335,NONE
1586,Building Number 2336,NONE
1587,Building Number 2337,NONE
1588,Building Number 2338,NONE
1589,Building Number 2339,NONE
1590,Building Number 2340,NONE
1591,Building Number 2341,NONE
1592,Building Number 2342,NONE
1593,Building Number 2343,NONE
1594,Building Number 2344,NONE
1595,Building Number 2345,NONE
1596,Building Number 2346,NONE
1597,Building Number 2347,NONE
1598,Building Number 2348,NONE
1599,Building Number 2349,NONE
1600,Building Number 2350,NONE
1601,Building Number 2351,NONE
1602,Building Number 2352,NONE
1603,Building Number 2353,NONE
1604,Building Number 2354,NONE
1605,Building Number 2355,NONE
1606,Building Number 2356,NONE
1607,Building Number 2357,NONE
1608,Building Number 2358,NONE
1609,Building Number 2359,NONE
1610,Building Number 2360,NONE
1611,Building Number 2361,NONE
1612,Building Number 2362,NONE
1613,Building Number 2363,NONE
1614,Building Number 2364,NONE
1615,Building Number 2365,NONE
1616,Building Number 2366,NONE
1617,Building Number 2367,NONE
1618,Building Number 2368,NONE
1619,Building Number 2369,NONE
1620,Building Number 2370,NONE
1621,Building Number 2371,NONE
1622,Building Number 2372,NONE
1623,Building Number 2373,NONE
1624,Building Number 2374,NONE
1625,Building Number 2375,NONE
1626,Building Number 2376,NONE
1627,Building Number 2377,NONE
1628,Building Number 2378,NONE
1629,Building Number 2379,NONE
1630,Building Number 2380,NONE
1631,Building Number 2381,NONE
1632,Building Number 2382,NONE
1633,Building Number 2383,NONE
1634,Building Number 2384,NONE
1635,Building Number 2385,NONE
1636,Building Number 2386,NONE
1637,Building Number 2387,NONE
1638,Building Number 2388,NONE
1639,Building Number 2389,NONE
1640,Building Number 2390,NONE
1641,Building Number 2391,NONE
1642,Building Number 2392,NONE
1643,Building Number 2393,NONE
1644,Building Number 2394,NONE
1645,Building Number 2395,NONE
1646,Building Number 2396,NONE
1647,Building Number 2397,NONE
1648,Building Number 2398,NONE
1649,Building Number 2399,NONE
1650,Building Number 2400,NONE
1651,Building Number 2401,NONE
1652,Building Number 2402,NONE
1653,Building Number 2403,NONE
1654,Building Number 2405,NONE
1655,Building Number 2406,NONE
1656,Building Number 2407,NONE
1657,Building Number 2408,NONE
1658,Building Number 2409,NONE
1659,Building Number 2410,NONE
1660,Building Number 2411,NONE
1661,Building Number 2412,NONE
1662,Building Number 2413,NONE
1663,Building Number 2414,NONE
1664,Building Number 2415,NONE
1665,Building Number 2416,NONE
1666,Building Number 2417,NONE
1667,Building Number 2418,NONE
1668,Building Number 2419,NONE
1669,Building Number 2420,NONE
1670,Building Number 2421,NONE
1671,Building Number 2422,NONE
1672,Building Number 2423,NONE
1673,Building Number 2424,NONE
1674,Building Number 2425,NONE
1675,Building Number 2426,NONE
1676,Building Number 2427,NONE
1677,Building Number 2428,NONE
1678,Building Number 2429,NONE
1679,Building Number 2430,NONE
1680,Building Number 2431,NONE
1681,Building Number 2432,NONE
1682,Building Number 2433,NONE
1683,Building Number 2434,NONE
1684,Building Number 2435,NONE
1685,Building Number 2436,NONE
1686,Building Number 2437,NONE
1687,Building Number 2438,NONE
1688,Building Number 2439,NONE
1689,Building Number 2440,NONE
1690,Building Number 2441,NONE
1691,Building Number 2442,NONE
1692,Building Number 2443,NONE
1693,Building Number 2444,NONE
1694,Building Number 2445,NONE
1695,Building Number 2446,NONE
1696,Building Number 2447,NONE
1697,Building Number 2448,NONE
1698,Building Number 2449,NONE
1699,Building Number 2450,NONE
1700,Building Number 2451,NONE
1701,Building Number 2452,NONE
1702,Building Number 2453,NONE
1703,Building Number 2454,NONE
1704,Building Number 2455,NONE
1705,Building Number 2456,NONE
1706,Building Number 2457,NONE
1707,Building Number 2458,NONE
1708,Building Number 2459,NONE
1709,Building Number 2460,NONE
1710,Building Number 2461,NONE
1711,Building Number 2462,NONE
1712,Building Number 2463,NONE
1713,Building Number 2464,NONE
1714,Building Number 2465,NONE
1715,Building Number 2466,NONE
1716,Building Number 2467,NONE
1717,Building Number 2468,NONE
1718,Building Number 2469,NONE
1719,Building Number 2470,NONE
1720,Building Number 2471,NONE
1721,Building Number 2472,NONE
1722,Building Number 2473,NONE
1723,Building Number 2474,NONE
1724,Building Number 2475,NONE
1725,Building Number 2476,NONE
1726,Building Number 2477,NONE
1727,Building Number 2478,NONE
1728,Building Number 2479,NONE
1729,Building Number 2480,NONE
1730,Building Number 2481,NONE
1731,Building Number 2482,NONE
1732,Building Number 2483,NONE
1733,Building Number 2484,NONE
1734,Building Number 2485,NONE
1735,Building Number 2486,NONE
1736,Building Number 2487,NONE
1737,Building Number 2488,NONE
1738,Building Number 2489,NONE
1739,Building Number 2490,NONE
1740,Building Number 2491,NONE
1741,Building Number 2492,NONE
1742,Building Number 2493,NONE
1743,Building Number 2494,NONE
1744,Building Number 2495,NONE
1745,Building Number 2496,NONE
1746,Building Number 2497,NONE
1747,Building Number 2498,NONE
1748,Building Number 2499,NONE
1749,Building Number 2500,NONE
1750,Building Number 2501,NONE
1751,Building Number 2502,NONE
1752,Building Number 2503,NONE
1753,Building Number 2504,NONE
1754,Building Number 2505,NONE
1755,Building Number 2506,NONE
1756,Building Number 2507,NONE
1757,Building Number 2508,NONE
1758,Building Number 2509,NONE
1759,Building Number 2510,NONE
1760,Building Number 2511,NONE
1761,Building Number 2512,NONE
1762,Building Number 2513,NONE
1763,Building Number 2514,NONE
1764,Building Number 2515,NONE
1765,Building Number 2516,NONE
1766,Building Number 2517,NONE
1767,Building Number 2518,NONE
1768,Building Number 2519,NONE
1769,Building Number 2520,NONE
1770,Building Number 2521,NONE
1771,Building Number 2522,NONE
1772,Building Number 2523,NONE
1773,Building Number 2524,NONE
1774,Building Number 2525,NONE
1775,Building Number 2526,NONE
1776,Building Number 2527,NONE
1777,Building Number 2528,NONE
1778,Building Number 2529,NONE
1779,Building Number 2530,NONE
1780,Building Number 2531,NONE
1781,Building Number 2532,NONE
1782,Building Number 2533,NONE
1783,Building Number 2534,NONE
1784,Building Number 2535,NONE
1785,Building Number 2536,NONE
1786,Building Number 2537,NONE
1787,Building Number 2538,NONE
1788,Building Number 2539,NONE
1789,Building Number 2540,NONE
1790,Building Number 2541,NONE
1791,Building Number 2542,NONE
1792,Building Number 2543,NONE
1793,Building Number 2544,NONE
1794,Building Number 2545,NONE
1795,Building Number 2546,NONE
1796,Building Number 2547,NONE
1797,Building Number 2548,NONE
1798,Building Number 2549,NONE
1799,Building Number 2550,NONE
1800,Building Number 2551,NONE
1801,Building Number 2552,NONE
1802,Building Number 2553,NONE
1803,Building Number 2554,NONE
1804,Building Number 2555,NONE
1805,Building Number 2556,NONE
1806,Building Number 2557,NONE
1807,Building Number 2558,NONE
1808,Building Number 2559,NONE
1809,Building Number 2560,NONE
1810,Building Number 2561,NONE
1811,Building Number 2562,NONE
1812,Building Number 2563,NONE
1813,Building Number 2564,NONE
1814,Building Number 2565,NONE
1815,Building Number 2566,NONE
1816,Building Number 2567,NONE
1817,Building Number 2568,NONE
1818,Building Number 2569,NONE
1819,Building Number 2570,NONE
1820,Building Number 2571,NONE
1821,Building Number 2572,NONE
1822,Building Number 2573,NONE
1823,Building Number 2574,NONE
1824,Building Number 2575,NONE
1825,Building Number 2576,NONE
1826,Building Number 2577,NONE
1827,Building Number 2578,NONE
1828,Building Number 2579,NONE
1829,Building Number 2580,NONE
1830,Building Number 2581,NONE
1831,Building Number 2582,NONE
1832,Building Number 2583,NONE
1833,Building Number 2584,NONE
1834,Building Number 2585,NONE
1835,Building Number 2586,NONE
1836,Building Number 2587,NONE
1837,Building Number 2588,NONE
1838,Building Number 2589,NONE
1839,Building Number 2590,NONE
1840,Building Number 2591,NONE
1841,Building Number 2592,NONE
1842,Building Number 2593,NONE
1843,Building Number 2594,NONE
1844,Building Number 2595,NONE
1845,Building Number 2596,NONE
1846,Building Number 2597,NONE
1847,Building Number 2598,NONE
1848,Building Number 2599,NONE
1849,Building Number 2600,NONE
1850,Building Number 2601,NONE
1851,Building Number 2602,NONE
1852,Building Number 2603,NONE
1853,Building Number 2604,NONE
1854,Building Number 2605,NONE
1855,Building Number 2606,NONE
1856,Building Number 2607,NONE
1857,Building Number 2608,NONE
1858,Building Number 2609,NONE
1859,Building Number 2610,NONE
1860,Building Number 2611,NONE
1861,Building Number 2612,NONE
1862,Building Number 2613,NONE
1863,Building Number 2614,NONE
1864,Building Number 2615,NONE
1865,Building Number 2616,NONE
1866,Building Number 2617,NONE
1867,Building Number 2618,NONE
1868,Building Number 2619,NONE
1869,Building Number 2620,NONE
1870,Building Number 2621,NONE
1871,Building Number 2622,NONE
1872,Building Number 2623,NONE
1873,Building Number 2624,NONE
1874,Building Number 2625,NONE
1875,Building Number 2626,NONE
1876,Building Number 2627,NONE
1877,Building Number 2628,NONE
1878,Building Number 2629,NONE
1879,Building Number 2630,NONE
1880,Building Number 2631,NONE
1881,Building Number 2632,NONE
1882,Building Number 2633,NONE
1883,Building Number 2634,NONE
1884,Building Number 2635,NONE
1885,Building Number 2636,NONE
1886,Building Number 2637,NONE
1887,Building Number 2638,NONE
1888,Building Number 2639,NONE
1889,Building Number 2640,NONE
1890,Building Number 2641,NONE
1891,Building Number 2642,NONE
1892,Building Number 2643,NONE
1893,Building Number 2644,NONE
1894,Building Number 2645,NONE
1895,Building Number 2646,NONE
1896,Building Number 2647,NONE
1897,Building Number 2648,NONE
1898,Building Number 2649,NONE
1899,Building Number 2650,NONE
1900,Building Number 2651,NONE
1901,Building Number 2652,NONE
1902,Building Number 2653,NONE
1903,Building Number 2654,NONE
1904,Building Number 2655,NONE
1905,Building Number 2656,NONE
1906,Building Number 2657,NONE
1907,Building Number 2658,NONE
1908,Building Number 2659,NONE
1909,Building Number 2660,NONE
1910,Building Number 2661,NONE
1911,Building Number 2662,NONE
1912,Building Number 2663,NONE
1913,Building Number 2664,NONE
1914,Building Number 2665,NONE
1915,Building Number 2666,NONE
1916,Building Number 2667,NONE
1917,Building Number 2668,NONE
1918,Building Number 2669,NONE
1919,Building Number 2670,NONE
1920,Building Number 2671,NONE
1921,Building Number 2672,NONE
1922,Building Number 2673,NONE
1923,Building Number 2674,NONE
1924,Building Number 2675,NONE
1925,Building Number 2676,NONE
1926,Building Number 2677,NONE
1927,Building Number 2678,NONE
1928,Building Number 2679,NONE
1929,Building Number 2680,NONE
1930,Building Number 2681,NONE
1931,Building Number 2682,NONE
1932,Building Number 2683,NONE
1933,Building Number 2684,NONE
1934,Building Number 2685,NONE
1935,Building Number 2686,NONE
1936,Building Number 2687,NONE
1937,Building Number 2688,NONE
1938,Building Number 2689,NONE
1939,Building Number 2690,NONE
1940,Building Number 2691,NONE
1941,Building Number 2692,NONE
1942,Building Number 2693,NONE
1943,Building Number 2694,NONE
1944,Building Number 2695,NONE
1945,Building Number 2696,NONE
1946,Building Number 2697,NONE
1947,Building Number 2698,NONE
1948,Building Number 2699,NONE
1949,Building Number 2700,NONE
1950,Building Number 2701,NONE
1951,Building Number 2702,NONE
1952,Building Number 2703,NONE
1953,Building Number 2704,NONE
1954,Building Number 2705,NONE
1955,Building Number 2706,NONE
1956,Building Number 2707,NONE
1957,Building Number 2708,NONE
1958,Building Number 2709,NONE
1959,Building Number 2710,NONE
1960,Building Number 2711,NONE
1961,Building Number 2712,NONE
1962,Building Number 2713,NONE
1963,Building Number 2714,NONE
1964,Building Number 2715,NONE
1965,Building Number 2716,NONE
1966,Building Number 2717,NONE
1967,Building Number 2718,NONE
1968,Building Number 2719,NONE
1969,Building Number 2720,NONE
1970,Building Number 2721,NONE
1971,Building Number 2722,NONE
1972,Building Number 2723,NONE
1973,Building Number 2724,NONE
1974,Building Number 2725,NONE
1975,Building Number 2726,NONE
1976,Building Number 2727,NONE
1977,Building Number 2728,NONE
1978,Building Number 2729,NONE
1979,Building Number 2730,NONE
1980,Building Number 2731,NONE
1981,Building Number 2732,NONE
1982,Building Number 2733,NONE
1983,Building Number 2734,NONE
1984,Building Number 2735,NONE
1985,Building Number 2736,NONE
1986,Building Number 2737,NONE
1987,Building Number 2738,NONE
1988,Building Number 2739,NONE
1989,Building Number 2740,NONE
1990,Building Number 2741,NONE
1991,Building Number 2742,NONE
1992,Building Number 2743,NONE
1993,Building Number 2744,NONE
1994,Building Number 2745,NONE
1995,Building Number 2746,NONE
1996,Building Number 2747,NONE
1997,Building Number 2748,NONE
1998,Building Number 2749,NONE
1999,Building Number 2750,NONE
2000,Building Number 2751,NONE
2001,Building Number 2752,NONE
2002,Building Number 2753,NONE
2003,Building Number 2754,NONE
2004,Building Number 2755,NONE
2005,Building Number 2756,NONE
2006,Building Number 2757,NONE
2007,Building Number 2758,NONE
2008,Building Number 2759,NONE
2009,Building Number 2760,NONE
2010,Building Number 2761,NONE
2011,Building Number 2762,NONE
2012,Building Number 2763,NONE
2013,Building Number 2764,NONE
2014,Building Number 2765,NONE
2015,Building Number 2766,NONE
2016,Building Number 2767,NONE
2017,Building Number 2768,NONE
2018,Building Number 2769,NONE
2019,Building Number 2770,NONE
2020,Building Number 2771,NONE
2021,Building Number 2772,NONE
2022,Building Number 2773,NONE
2023,Building Number 2774,NONE
2024,Building Number 2775,NONE
2025,Building Number 2776,NONE
2026,Building Number 2777,NONE
2027,Building Number 2778,NONE
2028,Building Number 2779,NONE
2029,Building Number 2780,NONE
2030,Building Number 2781,NONE
2031,Building Number 2782,NONE
2032,Building Number 2783,NONE
2033,Building Number 2784,NONE
2034,Building Number 2785,NONE
2035,Building Number 2786,NONE
2036,Building Number 2787,NONE
2037,Building Number 2788,NONE
2038,Building Number 2789,NONE
2039,Building Number 2790,NONE
2040,Building Number 2791,NONE
2041,Building Number 2792,NONE
2042,Building Number 2793,NONE
2043,Building Number 2794,NONE
2044,Building Number 2795,NONE
2045,Building Number 2796,NONE
2046,Building Number 2797,NONE
2047,Building Number 2798,NONE
2048,Building Number 2799,NONE
2049,Building Number 2800,NONE
2050,Building Number 2801,NONE
2051,Building Number 2802,NONE
2052,Building Number 2803,NONE
2053,Building Number 2804,NONE
2054,Building Number 2805,NONE
2055,Building Number 2806,NONE
2056,Building Number 2807,NONE
2057,Building Number 2808,NONE
2058,Building Number 2809,NONE
2059,Building Number 2810,NONE
2060,Building Number 2811,NONE
2061,Building Number 2812,NONE
2062,Building Number 2813,NONE
2063,Building Number 2814,NONE
2064,Building Number 2815,NONE
2065,Building Number 2816,NONE
2066,Building Number 2817,NONE
2067,Building Number 2818,NONE
2068,Building Number 2819,NONE
2069,Building Number 2820,NONE
2070,Building Number 2821,NONE
2071,Building Number 2822,NONE
2072,Building Number 2823,NONE
2073,Building Number 2824,NONE
2074,Building Number 2825,NONE
2075,Building Number 2826,NONE
2076,Building Number 2827,NONE
2077,Building Number 2828,NONE
2078,Building Number 2829,NONE
2079,Building Number 2830,NONE
2080,Building Number 2831,NONE
2081,Building Number 2832,NONE
2082,Building Number 2833,NONE
2083,Building Number 2834,NONE
2084,Building Number 2835,NONE
2085,Building Number 2836,NONE
2086,Building Number 2837,NONE
2087,Building Number 2838,NONE
2088,Building Number 2839,NONE
2089,Building Number 2840,NONE
2090,Building Number 2841,NONE
2091,Building Number 2842,NONE
2092,Building Number 2843,NONE
2093,Building Number 2844,NONE
2094,Building Number 2845,NONE
2095,Building Number 2846,NONE
2096,Building Number 2847,NONE
2097,Building Number 2848,NONE
2098,Building Number 2849,NONE
2099,Building Number 2850,NONE
2100,Building Number 2851,NONE
2101,Building Number 2852,NONE
2102,Building Number 2853,NONE
2103,Building Number 2854,NONE
2104,Building Number 2855,NONE
2105,Building Number 2856,NONE
2106,Building Number 2857,NONE
2107,Building Number 2858,NONE
2108,Building Number 2859,NONE
2109,Building Number 2860,NONE
2110,Building Number 2862,NONE
2111,Building Number 2863,NONE
2112,Building Number 2865,NONE
2113,Building Number 2866,NONE
2114,Building Number 2867,NONE
2115,Building Number 2868,NONE
2116,Building Number 2869,NONE
2117,Building Number 2870,NONE
2118,Building Number 2871,NONE
2119,Building Number 2872,NONE
2120,Building Number 2873,NONE
2121,Building Number 2874,NONE
2122,Building Number 2875,NONE
2123,Building Number 2876,NONE
2124,Building Number 2877,NONE
2125,Building Number 2878,NONE
2126,Building Number 2879,NONE
2127,Building Number 2880,NONE
2128,Building Number 2881,NONE
2129,Building Number 2882,NONE
2130,Building Number 2883,NONE
2131,Building Number 2884,NONE
2132,Building Number 2885,NONE
2133,Building Number 2886,NONE
2134,Building Number 2887,NONE
2135,Building Number 2888,NONE
2136,Building Number 2889,NONE
2137,Building Number 2890,NONE
2138,Building Number 2891,NONE
2139,Building Number 2892,NONE
2140,Building Number 2893,NONE
2141,Building Number 2894,NONE
2142,Building Number 2895,NONE
2143,Building Number 2896,NONE
2144,Building Number 2897,NONE
2145,Building Number 2898,NONE
2146,Building Number 2899,NONE
2147,Building Number 2900,NONE
2148,Building Number 2901,NONE
2149,Building Number 2902,NONE
2150,Building Number 2903,NONE
2151,Building Number 2904,NONE
2152,Building Number 2905,NONE
2153,Building Number 2906,NONE
2154,Building Number 2907,NONE
2155,Building Number 2908,NONE
2156,Building Number 2909,NONE
2157,Building Number 2910,NONE
2158,Building Number 2911,NONE
2159,Building Number 2912,NONE
2160,Building Number 2913,NONE
2161,Building Number 2914,NONE
2162,Building Number 2915,NONE
2163,Building Number 2916,NONE
2164,Building Number 2917,NONE
2165,Building Number 2918,NONE
2166,Building Number 2919,NONE
2167,Building Number 2920,NONE
2168,Building Number 2921,NONE
2169,Building Number 2922,NONE
2170,Building Number 2923,NONE
2171,Building Number 2924,NONE
2172,Building Number 2925,NONE
2173,Building Number 2926,NONE
2174,Building Number 2927,NONE
2175,Building Number 2928,NONE
2176,Building Number 2929,NONE
2177,Building Number 2930,NONE
2178,Building Number 2931,NONE
2179,Building Number 2932,NONE
2180,Building Number 2933,NONE
2181,Building Number 2934,NONE
2182,Building Number 2935,NONE
2183,Building Number 2936,NONE
2184,Building Number 2937,NONE
2185,Building Number 2938,NONE
2186,Building Number 2939,NONE
2187,Building Number 2940,NONE
2188,Building Number 2941,NONE
2189,Building Number 2942,NONE
2190,Building Number 2943,NONE
2191,Building Number 2944,NONE
2192,Building Number 2945,NONE
2193,Building Number 2946,NONE
2194,Building Number 2947,NONE
2195,Building Number 2948,NONE
2196,Building Number 2949,NONE
2197,Building Number 2950,NONE
2198,Building Number 2951,NONE
2199,Building Number 2952,NONE
2200,Building Number 2953,NONE
2201,Building Number 2954,NONE
2202,Building Number 2955,NONE
2203,Building Number 2956,NONE
2204,Building Number 2957,NONE
2205,Building Number 2958,NONE
2206,Building Number 2959,NONE
2207,Building Number 2960,NONE
2208,Building Number 2961,NONE
2209,Building Number 2962,NONE
2210,Building Number 2963,NONE
2211,Building Number 2964,NONE
2212,Building Number 2965,NONE
2213,Building Number 2966,NONE
2214,Building Number 2967,NONE
2215,Building Number 2968,NONE
2216,Building Number 2969,NONE
2217,Building Number 2970,NONE
2218,Building Number 2971,NONE
2219,Building Number 2972,NONE
2220,Building Number 2973,NONE
2221,Building Number 2974,NONE
2222,Building Number 2975,NONE
2223,Building Number 2976,NONE
2224,Building Number 2977,NONE
2225,Building Number 2978,NONE
2226,Building Number 2979,NONE
2227,Building Number 2980,NONE
2228,Building Number 2981,NONE
2229,Building Number 2982,NONE
2230,Building Number 2983,NONE
2231,Building Number 2984,NONE
2232,Building Number 2985,NONE
2233,Building Number 2986,NONE
2234,Building Number 2987,NONE
2235,Building Number 2988,NONE
2236,Building Number 2989,NONE
2237,Building Number 2990,NONE
2238,Building Number 2991,NONE
2239,Building Number 2992,NONE
2240,Building Number 2993,NONE
2241,Building Number 2994,NONE
2242,Building Number 2995,NONE
2243,Building Number 2996,NONE
2244,Building Number 2997,NONE
2245,Building Number 2998,NONE
2246,Building Number 2999,NONE
2247,Building Number 3000,NONE
2248,Building Number 3001,NONE
2249,Building Number 3002,NONE
2250,Building Number 3003,NONE
2251,Building Number 3004,NONE
2252,Building Number 3005,NONE
2253,Building Number 3006,NONE
2254,Building Number 3007,NONE
2255,Building Number 3008,NONE
2256,Building Number 3009,NONE
2257,Building Number 3010,NONE
2258,Building Number 3011,NONE
2259,Building Number 3012,NONE
2260,Building Number 3013,NONE
2261,Building Number 3014,NONE
2262,Building Number 3015,NONE
2263,Building Number 3016,NONE
2264,Building Number 3017,NONE
2265,Building Number 3018,NONE
2266,Building Number 3019,NONE
2267,Building Number 3020,NONE
2268,Building Number 3021,NONE
2269,Building Number 3022,NONE
2270,Building Number 3023,NONE
2271,Building Number 3024,NONE
2272,Building Number 3025,NONE
2273,Building Number 3026,NONE
2274,Building Number 3027,NONE
2275,Building Number 3028,NONE
2276,Building Number 3029,NONE
2277,Building Number 3030,NONE
2278,Building Number 3031,NONE
2279,Building Number 3032,NONE
2280,Building Number 3033,NONE
2281,Building Number 3034,NONE
2282,Building Number 3035,NONE
2283,Building Number 3036,NONE
2284,Building Number 3037,NONE
2285,Building Number 3038,NONE
2286,Building Number 3039,NONE
2287,Building Number 3040,NONE
2288,Building Number 3041,NONE
2289,Building Number 3042,NONE
2290,Building Number 3043,NONE
2291,Building Number 3044,NONE
2292,Building Number 3045,NONE
2293,Building Number 3046,NONE
2294,Building Number 3047,NONE
2295,Building Number 3048,NONE
2296,Building Number 3049,NONE
2297,Building Number 3050,NONE
2298,Building Number 3051,NONE
2299,Building Number 3052,NONE
2300,Building Number 3053,NONE
2301,Building Number 3054,NONE
2302,Building Number 3055,NONE
2303,Building Number 3056,NONE
2304,Building Number 3057,NONE
2305,Building Number 3058,NONE
2306,Building Number 3059,NONE
2307,Building Number 3060,NONE
2308,Building Number 3061,NONE
2309,Building Number 3062,NONE
2310,Building Number 3063,NONE
2311,Building Number 3064,NONE
2312,Building Number 3065,NONE
2313,Building Number 3066,NONE
2314,Building Number 3067,NONE
2315,Building Number 3068,NONE
2316,Building Number 3069,NONE
2317,Building Number 3070,NONE
2318,Building Number 3071,NONE
2319,Building Number 3072,NONE
2320,Building Number 3073,NONE
2321,Building Number 3074,NONE
2322,Building Number 3075,NONE
2323,Building Number 3076,NONE
2324,Building Number 3077,NONE
2325,Building Number 3078,NONE
2326,Building Number 3079,NONE
2327,Building Number 3080,NONE
2328,Building Number 3081,NONE
2329,Building Number 3082,NONE
2330,Building Number 3083,NONE
2331,Building Number 3084,NONE
2332,Building Number 3085,NONE
2333,Building Number 3086,NONE
2334,Building Number 3087,NONE
2335,Building Number 3088,NONE
2336,Building Number 3089,NONE
2337,Building Number 3090,NONE
2338,Building Number 3091,NONE
2339,Building Number 3092,NONE
2340,Building Number 3093,NONE
2341,Building Number 3094,NONE
2342,Building Number 3095,NONE
2343,Building Number 3096,NONE
2344,Building Number 3097,NONE
2345,Building Number 3098,NONE
2346,Building Number 3099,NONE
2347,Building Number 3100,NONE
2348,Building Number 3101,NONE
2349,Building Number 3102,NONE
2350,Building Number 3103,NONE
2351,Building Number 3104,NONE
2352,Building Number 3105,NONE
2353,Building Number 3106,NONE
2354,Building Number 3107,NONE
2355,Building Number 3108,NONE
2356,Building Number 3109,NONE
2357,Building Number 3110,NONE
2358,Building Number 3111,NONE
2359,Building Number 3112,NONE
2360,Building Number 3113,NONE
2361,Building Number 3114,NONE
2362,Building Number 3115,NONE
2363,Building Number 3116,NONE
2364,Building Number 3117,NONE
2365,Building Number 3118,NONE
2366,Building Number 3119,NONE
2367,Building Number 3120,NONE
2368,Building Number 3121,NONE
2369,Building Number 3122,NONE
2370,Building Number 3123,NONE
2371,Building Number 3124,NONE
2372,Building Number 3125,NONE
2373,Building Number 3126,NONE
2374,Building Number 3127,NONE
2375,Building Number 3128,NONE
2376,Building Number 3129,NONE
2377,Building Number 3130,NONE
2378,Building Number 3131,NONE
2379,Building Number 3132,NONE
2380,Building Number 3133,NONE
2381,Building Number 3134,NONE
2382,Building Number 3135,NONE
2383,Building Number 3136,NONE
2384,Building Number 3137,NONE
2385,Building Number 3138,NONE
2386,Building Number 3139,NONE
2387,Building Number 3140,NONE
2388,Building Number 3141,NONE
2389,Building Number 3142,NONE
2390,Building Number 3143,NONE
2391,Building Number 3144,NONE
2392,Building Number 3145,NONE
2393,Building Number 3146,NONE
2394,Building Number 3147,NONE
2395,Building Number 3148,NONE
2396,Building Number 3149,NONE
2397,Building Number 3150,NONE
2398,Building Number 3151,NONE
2399,Building Number 3152,NONE
2400,Building Number 3153,NONE
2401,Building Number 3154,NONE
2402,Building Number 3155,NONE
2403,Building Number 3156,NONE
2404,Building Number 3157,NONE
2405,Building Number 3158,NONE
2406,Building Number 3159,NONE
2407,Building Number 3160,NONE
2408,Building Number 3161,NONE
2409,Building Number 3162,NONE
2410,Building Number 3163,NONE
2411,Building Number 3164,NONE
2412,Building Number 3165,NONE
2413,Building Number 3166,NONE
2414,Building Number 3167,NONE
2415,Building Number 3168,NONE
2416,Building Number 3169,NONE
2417,Building Number 3170,NONE
2418,Building Number 3171,NONE
2419,Building Number 3172,NONE
2420,Building Number 3173,NONE
2421,Building Number 3174,NONE
2422,Building Number 3175,NONE
2423,Building Number 3176,NONE
2424,Building Number 3177,NONE
2425,Building Number 3178,NONE
2426,Building Number 3179,NONE
2427,Building Number 3180,NONE
2428,Building Number 3181,NONE
2429,Building Number 3182,NONE
2430,Building Number 3183,NONE
2431,Building Number 3184,NONE
2432,Building Number 3185,NONE
2433,Building Number 3186,NONE
2434,Building Number 3187,NONE
2435,Building Number 3188,NONE
2436,Building Number 3189,NONE
2437,Building Number 3190,NONE
2438,Building Number 3191,NONE
2439,Building Number 3192,NONE
2440,Building Number 3193,NONE
2441,Building Number 3194,NONE
2442,Building Number 3195,NONE
2443,Building Number 3196,NONE
2444,Building Number 3197,NONE
2445,Building Number 3198,NONE
2446,Building Number 3199,NONE
2447,Building Number 3200,NONE
2448,Building Number 3201,NONE
2449,Building Number 3202,NONE
2450,Building Number 3203,NONE
2451,Building Number 3204,NONE
2452,Building Number 3205,NONE
2453,Building Number 3206,NONE
2454,Building Number 3207,NONE
2455,Building Number 3208,NONE
2456,Building Number 3209,NONE
2457,Building Number 3210,NONE
2458,Building Number 3211,NONE
2459,Building Number 3212,NONE
2460,Building Number 3213,NONE
2461,Building Number 3214,NONE
2462,Building Number 3215,NONE
2463,Building Number 3216,NONE
2464,Building Number 3217,NONE
2465,Building Number 3218,NONE
2466,Building Number 3219,NONE
2467,Building Number 3220,NONE
2468,Building Number 3221,NONE
2469,Building Number 3222,NONE
2470,Building Number 3223,NONE
2471,Building Number 3224,NONE
2472,Building Number 3225,NONE
2473,Building Number 3226,NONE
2474,Building Number 3227,NONE
2475,Building Number 3228,NONE
2476,Building Number 3229,NONE
2477,Building Number 3230,NONE
2478,Building Number 3231,NONE
2479,Building Number 3232,NONE
2480,Building Number 3233,NONE
2481,Building Number 3234,NONE
2482,Building Number 3235,NONE
2483,Building Number 3236,NONE
2484,Building Number 3237,NONE
2485,Building Number 3238,NONE
2486,Building Number 3239,NONE
2487,Building Number 3240,NONE
2488,Building Number 3241,NONE
2489,Building Number 3242,NONE
2490,Building Number 3243,NONE
2491,Building Number 3244,NONE
2492,Building Number 3245,NONE
2493,Building Number 3246,NONE
2494,Building Number 3247,NONE
2495,Building Number 3248,NONE
2496,Building Number 3249,NONE
2497,Building Number 3250,NONE
2498,Building Number 3251,NONE
2499,Building Number 3252,NONE
2500,Building Number 3253,NONE
2501,Building Number 3254,NONE
2502,Building Number 3255,NONE
2503,Building Number 3256,NONE
2504,Building Number 3257,NONE
2505,Building Number 3258,NONE
2506,Building Number 3259,NONE
2507,Building Number 3260,NONE
2508,Building Number 3261,NONE
2509,Building Number 3262,NONE
2510,Building Number 3263,NONE
2511,Building Number 3264,NONE
2512,Building Number 3265,NONE
2513,Building Number 3266,NONE
2514,Building Number 3267,NONE
2515,Building Number 3268,NONE
2516,Building Number 3269,NONE
2517,Building Number 3270,NONE
2518,Building Number 3271,NONE
2519,Building Number 3272,NONE
2520,Building Number 3273,NONE
2521,Building Number 3274,NONE
2522,Building Number 3275,NONE
2523,Building Number 3276,NONE
2524,Building Number 3277,NONE
2525,Building Number 3278,NONE
2526,Building Number 3279,NONE
2527,Building Number 3280,NONE
2528,Building Number 3281,NONE
2529,Building Number 3282,NONE
2530,Building Number 3283,NONE
2531,Building Number 3284,NONE
2532,Building Number 3285,NONE
2533,Building Number 3286,NONE
2534,Building Number 3287,NONE
2535,Building Number 3288,NONE
2536,Building Number 3289,NONE
2537,Building Number 3290,NONE
2538,Building Number 3291,NONE
2539,Building Number 3292,NONE
2540,Building Number 3293,NONE
2541,Building Number 3294,NONE
2542,Building Number 3295,NONE
2543,Building Number 3296,NONE
2544,Building Number 3297,NONE
2545,Building Number 3298,NONE
2546,Building Number 3299,NONE
2547,Building Number 3300,NONE
2548,Building Number 3301,NONE
2549,Building Number 3302,NONE
2550,Building Number 3303,NONE
2551,Building Number 3304,NONE
2552,Building Number 3305,NONE
2553,Building Number 3306,NONE
2554,Building Number 3307,NONE
2555,Building Number 3308,NONE
2556,Building Number 3309,NONE
2557,Building Number 3310,NONE
2558,Building Number 3311,NONE
2559,Building Number 3312,NONE
2560,Building Number 3313,NONE
2561,Building Number 3314,NONE
2562,Building Number 3315,NONE
2563,Building Number 3316,NONE
2564,Building Number 3317,NONE
2565,Building Number 3318,NONE
2566,Building Number 3319,NONE
2567,Building Number 3320,NONE
2568,Building Number 3321,NONE
2569,Building Number 3322,NONE
2570,Building Number 3323,NONE
2571,Building Number 3324,NONE
2572,Building Number 3325,NONE
2573,Building Number 3326,NONE
2574,Building Number 3327,NONE
2575,Building Number 3328,NONE
2576,Building Number 3329,NONE
2577,Building Number 3330,NONE
2578,Building Number 3331,NONE
2579,Building Number 3332,NONE
2580,Building Number 3333,NONE
2581,Building Number 3334,NONE
2582,Building Number 3335,NONE
2583,Building Number 3336,NONE
2584,Building Number 3337,NONE
2585,Building Number 3338,NONE
2586,Building Number 3339,NONE
2587,Building Number 3340,NONE
2588,Building Number 3341,NONE
2589,Building Number 3342,NONE
2590,Building Number 3343,NONE
2591,Building Number 3344,NONE
2592,Building Number 3345,NONE
2593,Building Number 3346,NONE
2594,Building Number 3347,NONE
2595,Building Number 3348,NONE
2596,Building Number 3349,NONE
2597,Building Number 3350,NONE
2598,Building Number 3351,NONE
2599,Building Number 3352,NONE
2600,Building Number 3353,NONE
2601,Building Number 3354,NONE
2602,Building Number 3355,NONE
2603,Building Number 3356,NONE
2604,Building Number 3357,NONE
2605,Building Number 3358,NONE
2606,Building Number 3359,NONE
2607,Building Number 3360,NONE
2608,Building Number 3361,NONE
2609,Building Number 3362,NONE
2610,Building Number 3363,NONE
2611,Building Number 3364,NONE
2612,Building Number 3365,NONE
2613,Building Number 3366,NONE
2614,Building Number 3367,NONE
2615,Building Number 3368,NONE
2616,Building Number 3369,NONE
2617,Building Number 3370,NONE
2618,Building Number 3371,NONE
2619,Building Number 3372,NONE
2620,Building Number 3373,NONE
2621,Building Number 3374,NONE
2622,Building Number 3375,NONE
2623,Building Number 3376,NONE
2624,Building Number 3377,NONE
2625,Building Number 3378,NONE
2626,Building Number 3379,NONE
2627,Building Number 3380,NONE
2628,Building Number 3381,NONE
2629,Building Number 3382,NONE
2630,Building Number 3383,NONE
2631,Building Number 3384,NONE
2632,Building Number 3385,NONE
2633,Building Number 3386,NONE
2634,Building Number 3387,NONE
2635,Building Number 3388,NONE
2636,Building Number 3389,NONE
2637,Building Number 3390,NONE
2638,Building Number 3391,NONE
2639,Building Number 3392,NONE
2640,Building Number 3393,NONE
2641,Building Number 3394,NONE
2642,Building Number 3395,NONE
2643,Building Number 3396,NONE
2644,Building Number 3397,NONE
2645,Building Number 3398,NONE
2646,Building Number 3399,NONE
2647,Building Number 3400,NONE
2648,Building Number 3401,NONE
2649,Building Number 3402,NONE
2650,Building Number 3403,NONE
2651,Building Number 3404,NONE
2652,Building Number 3405,NONE
2653,Building Number 3406,NONE
2654,Building Number 3407,NONE
2655,Building Number 3408,NONE
2656,Building Number 3409,NONE
2657,Building Number 3410,NONE
2658,Building Number 3411,NONE
2659,Building Number 3412,NONE
2660,Building Number 3413,NONE
2661,Building Number 3414,NONE
2662,Building Number 3415,NONE
2663,Building Number 3416,NONE
2664,Building Number 3417,NONE
2665,Building Number 3418,NONE
2666,Building Number 3419,NONE
2667,Building Number 3420,NONE
2668,Building Number 3421,NONE
2669,Building Number 3422,NONE
2670,Building Number 3423,NONE
2671,Building Number 3424,NONE
2672,Building Number 3425,NONE
2673,Building Number 3426,NONE
2674,Building Number 3427,NONE
2675,Building Number 3428,NONE
2676,Building Number 3429,NONE
2677,Building Number 3430,NONE
2678,Building Number 3431,NONE
2679,Building Number 3432,NONE
2680,Building Number 3433,NONE
2681,Building Number 3434,NONE
2682,Building Number 3435,NONE
2683,Building Number 3436,NONE
2684,Building Number 3437,NONE
2685,Building Number 3438,NONE
2686,Building Number 3439,NONE
2687,Building Number 3440,NONE
2688,Building Number 3441,NONE
2689,Building Number 3442,NONE
2690,Building Number 3443,NONE
2691,Building Number 3444,NONE
2692,Building Number 3445,NONE
2693,Building Number 3446,NONE
2694,Building Number 3447,NONE
2695,Building Number 3448,NONE
2696,Building Number 3449,NONE
2697,Building Number 3450,NONE
2698,Building Number 3451,NONE
2699,Building Number 3452,NONE
2700,Building Number 3453,NONE
2701,Building Number 3454,NONE
2702,Building Number 3455,NONE
2703,Building Number 3456,NONE
2704,Building Number 3457,NONE
2705,Building Number 3458,NONE
2706,Building Number 3459,NONE
2707,Building Number 3460,NONE
2708,Building Number 3461,NONE
2709,Building Number 3462,NONE
2710,Building Number 3463,NONE
2711,Building Number 3464,NONE
2712,Building Number 3465,NONE
2713,Building Number 3466,NONE
2714,Building Number 3467,NONE
2715,Building Number 3468,NONE
2716,Building Number 3469,NONE
2717,Building Number 3470,NONE
2718,Building Number 3471,NONE
2719,Building Number 3472,NONE
2720,Building Number 3473,NONE
2721,Building Number 3474,NONE
2722,Building Number 3475,NONE
2723,Building Number 3476,NONE
2724,Building Number 3477,NONE
2725,Building Number 3478,NONE
2726,Building Number 3479,NONE
2727,Building Number 3480,NONE
2728,Building Number 3481,NONE
2729,Building Number 3482,NONE
2730,Building Number 3483,NONE
2731,Building Number 3484,NONE
2732,Building Number 3485,NONE
2733,Building Number 3486,NONE
2734,Building Number 3487,NONE
2735,Building Number 3488,NONE
2736,Building Number 3489,NONE
2737,Building Number 3490,NONE
2738,Building Number 3491,NONE
2739,Building Number 3492,NONE
2740,Building Number 3493,NONE
2741,Building Number 3494,NONE
2742,Building Number 3495,NONE
2743,Building Number 3496,NONE
2744,Building Number 3497,NONE
2745,Building Number 3498,NONE
2746,Building Number 3499,NONE
2747,Building Number 3500,NONE
2748,Building Number 3501,NONE
2749,Building Number 3502,NONE
2750,Building Number 3503,NONE
2751,Building Number 3504,NONE
2752,Building Number 3505,NONE
2753,Building Number 3506,NONE
2754,Building Number 3507,NONE
2755,Building Number 3508,NONE
2756,Building Number 3509,NONE
2757,Building Number 3510,NONE
2758,Building Number 3511,NONE
2759,Building Number 3512,NONE
2760,Building Number 3513,NONE
2761,Building Number 3514,NONE
2762,Building Number 3515,NONE
2763,Building Number 3516,NONE
2764,Building Number 3517,NONE
2765,Building Number 3518,NONE
2766,Building Number 3519,NONE
2767,Building Number 3520,NONE
2768,Building Number 3521,NONE
2769,Building Number 3522,NONE
2770,Building Number 3523,NONE
2771,Building Number 3524,NONE
2772,Building Number 3525,NONE
2773,Building Number 3526,NONE
2774,Building Number 3527,NONE
2775,Building Number 3528,NONE
2776,Building Number 3529,NONE
2777,Building Number 3530,NONE
2778,Building Number 3531,NONE
2779,Building Number 3532,NONE
2780,Building Number 3533,NONE
2781,Building Number 3534,NONE
2782,Building Number 3535,NONE
2783,Building Number 3536,NONE
2784,Building Number 3537,NONE
2785,Building Number 3538,NONE
2786,Building Number 3539,NONE
2787,Building Number 3540,NONE
2788,Building Number 3541,NONE
2789,Building Number 3542,NONE
2790,Building Number 3543,NONE
2791,Building Number 3544,NONE
2792,Building Number 3545,NONE
2793,Building Number 3546,NONE
2794,Building Number 3547,NONE
2795,Building Number 3548,NONE
2796,Building Number 3549,NONE
2797,Building Number 3550,NONE
2798,Building Number 3551,NONE
2799,Building Number 3552,NONE
2800,Building Number 3553,NONE
2801,Building Number 3554,NONE
2802,Building Number 3555,NONE
2803,Building Number 3556,NONE
2804,Building Number 3557,NONE
2805,Building Number 3558,NONE
2806,Building Number 3559,NONE
2807,Building Number 3560,NONE
2808,Building Number 3561,NONE
2809,Building Number 3562,NONE
2810,Building Number 3563,NONE
2811,Building Number 3564,NONE
2812,Building Number 3565,NONE
2813,Building Number 3566,NONE
2814,Building Number 3567,NONE
2815,Building Number 3568,NONE
2816,Building Number 3569,NONE
2817,Building Number 3570,NONE
2818,Building Number 3571,NONE
2819,Building Number 3572,NONE
2820,Building Number 3573,NONE
2821,Building Number 3574,NONE
2822,Building Number 3575,NONE
2823,Building Number 3576,NONE
2824,Building Number 3577,NONE
2825,Building Number 3578,NONE
2826,Building Number 3579,NONE
2827,Building Number 3580,NONE
2828,Building Number 3581,NONE
2829,Building Number 3582,NONE
2830,Building Number 3583,NONE
2831,Building Number 3584,NONE
2832,Building Number 3585,NONE
2833,Building Number 3586,NONE
2834,Building Number 3587,NONE
2835,Building Number 3588,NONE
2836,Building Number 3589,NONE
2837,Building Number 3590,NONE
2838,Building Number 3591,NONE
2839,Building Number 3592,NONE
2840,Building Number 3593,NONE
2841,Building Number 3594,NONE
2842,Building Number 3595,NONE
2843,Building Number 3596,NONE
2844,Building Number 3597,NONE
2845,Building Number 3598,NONE
2846,Building Number 3599,NONE
2847,Building Number 3600,NONE
2848,Building Number 3601,NONE
2849,Building Number 3602,NONE
2850,Building Number 3603,NONE
2851,Building Number 3604,NONE
2852,Building Number 3605,NONE
2853,Building Number 3606,NONE
2854,Building Number 3607,NONE
2855,Building Number 3608,NONE
2856,Building Number 3609,NONE
2857,Building Number 3610,NONE
2858,Building Number 3611,NONE
2859,Building Number 3612,NONE
2860,Building Number 3613,NONE
2861,Building Number 3614,NONE
2862,Building Number 3615,NONE
2863,Building Number 3616,NONE
2864,Building Number 3617,NONE
2865,Building Number 3618,NONE
2866,Building Number 3619,NONE
2867,Building Number 3620,NONE
2868,Building Number 3621,NONE
2869,Building Number 3622,NONE
2870,Building Number 3623,NONE
2871,Building Number 3624,NONE
2872,Building Number 3625,NONE
2873,Building Number 3626,NONE
2874,Building Number 3627,NONE
2875,Building Number 3628,NONE
2876,Building Number 3629,NONE
2877,Building Number 3630,NONE
2878,Building Number 3631,NONE
2879,Building Number 3632,NONE
2880,Building Number 3633,NONE
2881,Building Number 3634,NONE
2882,Building Number 3635,NONE
2883,Building Number 3636,NONE
2884,Building Number 3637,NONE
2885,Building Number 3638,NONE
2886,Building Number 3639,NONE
2887,Building Number 3640,NONE
2888,Building Number 3641,NONE
2889,Building Number 3642,NONE
2890,Building Number 3643,NONE
2891,Building Number 3644,NONE
2892,Building Number 3645,NONE
2893,Building Number 3646,NONE
2894,Building Number 3647,NONE
2895,Building Number 3648,NONE
2896,Building Number 3649,NONE
2897,Building Number 3650,NONE
2898,Building Number 3651,NONE
2899,Building Number 3652,NONE
2900,Building Number 3653,NONE
2901,Building Number 3654,NONE
2902,Building Number 3655,NONE
2903,Building Number 3656,NONE
2904,Building Number 3657,NONE
2905,Building Number 3658,NONE
2906,Building Number 3659,NONE
2907,Building Number 3660,NONE
2908,Building Number 3661,NONE
2909,Building Number 3662,NONE
2910,Building Number 3663,NONE
2911,Building Number 3664,NONE
2912,Building Number 3665,NONE
2913,Building Number 3666,NONE
2914,Building Number 3667,NONE
2915,Building Number 3668,NONE
2916,Building Number 3669,NONE
2917,Building Number 3670,NONE
2918,Building Number 3671,NONE
2919,Building Number 3672,NONE
2920,Building Number 3673,NONE
2921,Building Number 3674,NONE
2922,Building Number 3675,NONE
2923,Building Number 3676,NONE
2924,Building Number 3677,NONE
2925,Building Number 3678,NONE
2926,Building Number 3679,NONE
2927,Building Number 3680,NONE
2928,Building Number 3681,NONE
2929,Building Number 3682,NONE
2930,Building Number 3683,NONE
2931,Building Number 3684,NONE
2932,Building Number 3685,NONE
2933,Building Number 3686,NONE
2934,Building Number 3687,NONE
2935,Building Number 3688,NONE
2936,Building Number 3689,NONE
2937,Building Number 3690,NONE
2938,Building Number 3691,NONE
2939,Building Number 3692,NONE
2940,Building Number 3693,NONE
2941,Building Number 3694,NONE
2942,Building Number 3695,NONE
2943,Building Number 3696,NONE
2944,Building Number 3697,NONE
2945,Building Number 3698,NONE
2946,Building Number 3699,NONE
2947,Building Number 3700,NONE
2948,Building Number 3701,NONE
2949,Building Number 3702,NONE
2950,Building Number 3703,NONE
2951,Building Number 3704,NONE
2952,Building Number 3705,NONE
2953,Building Number 3706,NONE
2954,Building Number 3707,NONE
2955,Building Number 3708,NONE
2956,Building Number 3709,NONE
2957,Building Number 3710,NONE
2958,Building Number 3711,NONE
2959,Building Number 3712,NONE
2960,Building Number 3713,NONE
2961,Building Number 3714,NONE
2962,Building Number 3715,NONE
2963,Building Number 3716,NONE
2964,Building Number 3717,NONE
2965,Building Number 3718,NONE
2966,Building Number 3719,NONE
2967,Building Number 3720,NONE
2968,Building Number 3721,NONE
2969,Building Number 3722,NONE
2970,Building Number 3723,NONE
2971,Building Number 3724,NONE
2972,Building Number 3725,NONE
2973,Building Number 3726,NONE
2974,Building Number 3727,NONE
2975,Building Number 3728,NONE
2976,Building Number 3729,NONE
2977,Building Number 3730,NONE
2978,Building Number 3731,NONE
2979,Building Number 3732,NONE
2980,Building Number 3733,NONE
2981,Building Number 3734,NONE
2982,Building Number 3735,NONE
2983,Building Number 3736,NONE
2984,Building Number 3737,NONE
2985,Building Number 3738,NONE
2986,Building Number 3739,NONE
2987,Building Number 3740,NONE
2988,Building Number 3741,NONE
2989,Building Number 3742,NONE
2990,Building Number 3743,NONE
2991,Building Number 3744,NONE
2992,Building Number 3745,NONE
2993,Building Number 3746,NONE
2994,Building Number 3747,NONE
2995,Building Number 3748,NONE
2996,Building Number 3749,NONE
2997,Building Number 3750,NONE
2998,Building Number 3751,NONE
2999,Building Number 3752,NONE
3000,Building Number 3753,NONE
3001,Building Number 3754,NONE
3002,Building Number 3755,NONE
3003,Building Number 3756,NONE
3004,Building Number 3757,NONE
3005,Building Number 3758,NONE
3006,Building Number 3759,NONE
3007,Building Number 3760,NONE
3008,Building Number 3761,NONE
3009,Building Number 3762,NONE
3010,Building Number 3763,NONE
3011,Building Number 3764,NONE
3012,Building Number 3765,NONE
3013,Building Number 3766,NONE
3014,Building Number 3767,NONE
3015,Building Number 3768,NONE
3016,Building Number 3769,NONE
3017,Building Number 3770,NONE
3018,Building Number 3771,NONE
3019,Building Number 3772,NONE
3020,Building Number 3773,NONE
3021,Building Number 3774,NONE
3022,Building Number 3775,NONE
3023,Building Number 3776,NONE
3024,Building Number 3777,NONE
3025,Building Number 3778,NONE
3026,Building Number 3779,NONE
3027,Building Number 3780,NONE
3028,Building Number 3781,NONE
3029,Building Number 3782,NONE
3030,Building Number 3783,NONE
3031,Building Number 3784,NONE
3032,Building Number 3785,NONE
3033,Building Number 3786,NONE
3034,Building Number 3787,NONE
3035,Building Number 3788,NONE
3036,Building Number 3789,NONE
3037,Building Number 3790,NONE
3038,Building Number 3791,NONE
3039,Building Number 3792,NONE
3040,Building Number 3793,NONE
3041,Building Number 3794,NONE
3042,Building Number 3795,NONE
3043,Building Number 3796,NONE
3044,Building Number 3797,NONE
3045,Building Number 3798,NONE
3046,Building Number 3799,NONE
3047,Building Number 3800,NONE
3048,Building Number 3801,NONE
3049,Building Number 3802,NONE
3050,Building Number 3803,NONE
3051,Building Number 3804,NONE
3052,Building Number 3805,NONE
3053,Building Number 3806,NONE
3054,Building Number 3807,NONE
3055,Building Number 3808,NONE
3056,Building Number 3809,NONE
3057,Building Number 3810,NONE
3058,Building Number 3811,NONE
3059,Building Number 3812,NONE
3060,Building Number 3813,NONE
3061,Building Number 3814,NONE
3062,Building Number 3815,NONE
3063,Building Number 3816,NONE
3064,Building Number 3817,NONE
3065,Building Number 3818,NONE
3066,Building Number 3819,NONE
3067,Building Number 3820,NONE
3068,Building Number 3821,NONE
3069,Building Number 3822,NONE
3070,Building Number 3823,NONE
3071,Building Number 3824,NONE
3072,Building Number 3825,NONE
3073,Building Number 3826,NONE
3074,Building Number 3827,NONE
3075,Building Number 3828,NONE
3076,Building Number 3829,NONE
3077,Building Number 3830,NONE
3078,Building Number 3831,NONE
3079,Building Number 3832,NONE
3080,Building Number 3833,NONE
3081,Building Number 3834,NONE
3082,Building Number 3835,NONE
3083,Building Number 3836,NONE
3084,Building Number 3837,NONE
3085,Building Number 3838,NONE
3086,Building Number 3839,NONE
3087,Building Number 3840,NONE
3088,Building Number 3841,NONE
3089,Building Number 3842,NONE
3090,Building Number 3843,NONE
3091,Building Number 3844,NONE
3092,Building Number 3845,NONE
3093,Building Number 3846,NONE
3094,Building Number 3847,NONE
3095,Building Number 3848,NONE
3096,Building Number 3849,NONE
3097,Building Number 3850,NONE
3098,Building Number 3851,NONE
3099,Building Number 3852,NONE
3100,Building Number 3853,NONE
3101,Building Number 3854,NONE
3102,Building Number 3855,NONE
3103,Building Number 3856,NONE
3104,Building Number 3857,NONE
3105,Building Number 3858,NONE
3106,Building Number 3859,NONE
3107,Building Number 3860,NONE
3108,Building Number 3861,NONE
3109,Building Number 3862,NONE
3110,Building Number 3863,NONE
3111,Building Number 3864,NONE
3112,Building Number 3865,NONE
3113,Building Number 3866,NONE
3114,Building Number 3867,NONE
3115,Building Number 3868,NONE
3116,Building Number 3869,NONE
3117,Building Number 3870,NONE
3118,Building Number 3871,NONE
3119,Building Number 3872,NONE
3120,Building Number 3873,NONE
3121,Building Number 3874,NONE
3122,Building Number 3875,NONE
3123,Building Number 3876,NONE
3124,Building Number 3877,NONE
3125,Building Number 3878,NONE
3126,Building Number 3879,NONE
3127,Building Number 3880,NONE
3128,Building Number 3881,NONE
3129,Building Number 3882,NONE
3130,Building Number 3883,NONE
3131,Building Number 3884,NONE
3132,Building Number 3885,NONE
3133,Building Number 3886,NONE
3134,Building Number 3887,NONE
3135,Building Number 3888,NONE
3136,Building Number 3889,NONE
3137,Building Number 3890,NONE
3138,Building Number 3891,NONE
3139,Building Number 3892,NONE
3140,Building Number 3893,NONE
3141,Building Number 3894,NONE
3142,Building Number 3895,NONE
3143,Building Number 3896,NONE
3144,Building Number 3897,NONE
3145,Building Number 3898,NONE
3146,Building Number 3899,NONE
3147,Building Number 3900,NONE
3148,Building Number 3901,NONE
3149,Building Number 3902,NONE
3150,Building Number 3903,NONE
3151,Building Number 3904,NONE
3152,Building Number 3905,NONE
3153,Building Number 3906,NONE
3154,Building Number 3907,NONE
3155,Building Number 3908,NONE
3156,Building Number 3909,NONE
3157,Building Number 3910,NONE
3158,Building Number 3911,NONE
3159,Building Number 3912,NONE
3160,Building Number 3913,NONE
3161,Building Number 3914,NONE
3162,Building Number 3915,NONE
3163,Building Number 3916,NONE
3164,Building Number 3917,NONE
3165,Building Number 3918,NONE
3166,Building Number 3919,NONE
3167,Building Number 3920,NONE
3168,Building Number 3921,NONE
3169,Building Number 3922,NONE
3170,Building Number 3923,NONE
3171,Building Number 3924,NONE
3172,Building Number 3925,NONE
3173,Building Number 3926,NONE
3174,Building Number 3927,NONE
3175,Building Number 3928,NONE
3176,Building Number 3929,NONE
3177,Building Number 3930,NONE
3178,Building Number 3931,NONE
3179,Building Number 3932,NONE
3180,Building Number 3933,NONE
3181,Building Number 3934,NONE
3182,Building Number 3935,NONE
3183,Building Number 3936,NONE
3184,Building Number 3937,NONE
3185,Building Number 3938,NONE
3186,Building Number 3939,NONE
3187,Building Number 3940,NONE
3188,Building Number 3941,NONE
3189,Building Number 3942,NONE
3190,Building Number 3943,NONE
3191,Building Number 3944,NONE
3192,Building Number 3945,NONE
3193,Building Number 3946,NONE
3194,Building Number 3947,NONE
3195,Building Number 3948,NONE
3196,Building Number 3949,NONE
3197,Building Number 3950,NONE
3198,Building Number 3951,NONE
3199,Building Number 3952,NONE
3200,Building Number 3953,NONE
3201,Building Number 3954,NONE
3202,Building Number 3955,NONE
3203,Building Number 3956,NONE
3204,Building Number 3957,NONE
3205,Building Number 3958,NONE
3206,Building Number 3959,NONE
3207,Building Number 3960,NONE
3208,Building Number 3961,NONE
3209,Building Number 3962,NONE
3210,Building Number 3963,NONE
3211,Building Number 3964,NONE
3212,Building Number 3965,NONE
3213,Building Number 3966,NONE
3214,Building Number 3967,NONE
3215,Building Number 3968,NONE
3216,Building Number 3969,NONE
3217,Building Number 3970,NONE
3218,Building Number 3971,NONE
3219,Building Number 3972,NONE
3220,Building Number 3973,NONE
3221,Building Number 3974,NONE
3222,Building Number 3975,NONE
3223,Building Number 3976,NONE
3224,Building Number 3977,NONE
3225,Building Number 3978,NONE
3226,Building Number 3979,NONE
3227,Building Number 3980,NONE
3228,Building Number 3981,NONE
3229,Building Number 3982,NONE
3230,Building Number 3983,NONE
3231,Building Number 3984,NONE
3232,Building Number 3985,NONE
3233,Building Number 3986,NONE
3234,Building Number 3987,NONE
3235,Building Number 3988,NONE
3236,Building Number 3989,NONE
3237,Building Number 3990,NONE
3238,Building Number 3991,NONE
3239,Building Number 3992,NONE
3240,Building Number 3993,NONE
3241,Building Number 3994,NONE
3242,Building Number 3995,NONE
3243,Building Number 3996,NONE
3244,Building Number 3997,NONE
3245,Building Number 3998,NONE
3246,Building Number 3999,NONE
3247,Building Number 4000,NONE
3248,Building Number 4001,NONE
3249,Building Number 4002,NONE
3250,Building Number 4003,NONE
3251,Building Number 4004,NONE
3252,Building Number 4005,NONE
3253,Building Number 4006,NONE
3254,Building Number 4007,NONE
3255,Building Number 4008,NONE
